timestamp,side,mm_side,price,qty
0.20558743168218618,ASK,-1,100.0,1
0.29010898711878397,BID,1,99.98,3
0.3100068578108447,BID,1,99.97,1
0.3100068578108447,ASK,-1,99.99,3
0.3989974025976748,BID,1,99.97,1
0.4053742476355968,ASK,-1,99.99,3
0.555164074046478,BID,1,99.98,2
0.5563635864438063,ASK,-1,100.0,3
0.6889787461004196,ASK,-1,100.0,1
0.810203026838618,BID,1,99.98,3
0.9172054715232617,ASK,-1,100.0,1
0.9844761426572121,ASK,-1,100.0,3
1.0003678054143237,ASK,-1,100.0,2
1.2331096967346729,BID,1,100.0,1
1.2787407572600797,BID,1,100.0,3
1.4198264796596571,BID,1,100.0,3
1.5468624309995354,ASK,-1,100.0,3
1.6249999431013094,BID,1,100.01,1
1.670877144321018,BID,1,100.01,1
1.701777444702743,BID,1,100.01,3
1.8454884700402336,BID,1,100.0,2
1.8674685805458742,BID,1,99.98,1
1.8674685805458742,ASK,-1,99.99,3
1.8990577010497243,ASK,-1,100.0,2
1.9773282576600955,ASK,-1,100.0,3
1.9773282576600955,BID,1,99.99,3
2.0148011044590284,BID,1,100.02,3
2.02395903577113,BID,1,100.01,3
2.0562841143724624,ASK,-1,100.0,3
2.0652893126324288,ASK,-1,100.01,2
2.0810249197005053,BID,1,99.99,3
2.2610206289461905,ASK,-1,99.98,3
2.3539160666022725,BID,1,99.97,2
2.3642557596868494,ASK,-1,99.98,1
2.3642557596868494,ASK,-1,99.98,3
2.388119059170218,ASK,-1,99.98,3
2.4776306074554517,BID,1,100.0,3
2.5249311475190312,BID,1,99.98,3
2.541047224943499,ASK,-1,99.99,3
2.558498997421822,BID,1,99.98,3
2.6112083664853785,BID,1,99.98,3
2.737317145548075,ASK,-1,99.98,3
2.833491763468074,ASK,-1,99.98,3
2.977832510742263,BID,1,99.97,3
3.034823428609548,ASK,-1,99.98,3
3.0893486059132327,BID,1,99.97,2
3.0893486059132327,ASK,-1,99.98,3
3.28797012273012,BID,1,99.97,3
3.321545524557696,ASK,-1,99.98,3
3.4850749248060313,ASK,-1,99.99,3
3.50392669880721,BID,1,99.98,3
3.50392669880721,ASK,-1,99.99,3
3.6150105500477445,ASK,-1,100.0,2
3.6469760683403467,ASK,-1,100.0,1
3.742069979116441,BID,1,99.99,2
3.8369715190706497,BID,1,99.99,2
4.260550110573701,BID,1,100.0,3
4.297082688012495,BID,1,100.0,3
4.298133750688479,ASK,-1,100.02,1
4.298133750688479,BID,1,100.0,3
4.326472503734791,ASK,-1,100.02,3
4.332094713643398,BID,1,100.0,3
4.493277602897789,ASK,-1,100.01,3
4.499914669486589,ASK,-1,100.02,1
4.535760066522181,BID,1,100.0,2
4.543928511304925,ASK,-1,100.02,3
4.544074071166529,ASK,-1,100.02,3
4.575866732124439,BID,1,100.01,3
4.6146176434234185,BID,1,100.01,3
4.642241375391285,BID,1,100.0,2
4.669872190786215,ASK,-1,100.01,1
4.669872190786215,BID,1,99.99,3
4.71989565689743,ASK,-1,100.0,2
4.735446647032204,BID,1,99.99,3
4.824665593756756,ASK,-1,100.0,3
4.830095159446819,BID,1,99.99,1
4.843142834773796,ASK,-1,99.99,3
5.03403461732012,BID,1,99.98,1
5.038546848087555,ASK,-1,99.99,2
5.038546848087555,BID,1,99.98,3
5.039315031720759,ASK,-1,100.0,3
5.060637246966291,BID,1,100.0,3
5.170679949136766,ASK,-1,100.0,3
5.2183645885975976,ASK,-1,100.01,3
5.225375387372148,BID,1,100.0,3
5.284288140432008,ASK,-1,100.01,3
5.29060359769492,BID,1,99.99,3
5.310509029779377,BID,1,99.98,2
5.322964529057739,ASK,-1,99.99,3
5.334725813021566,BID,1,99.98,2
5.434562470490052,ASK,-1,99.99,1
5.439717721158622,ASK,-1,99.99,3
5.512778813756076,BID,1,99.99,3
5.526302640196499,BID,1,99.99,3
5.641932299604496,BID,1,99.98,1
5.693512106429134,ASK,-1,99.99,3
5.763106955846147,BID,1,99.98,3
5.763106955846147,ASK,-1,99.99,3
5.861082338941301,ASK,-1,100.0,2
5.881963366010991,BID,1,99.98,3
5.881963366010991,ASK,-1,99.99,3
6.057992456106166,BID,1,99.98,3
6.057992456106166,ASK,-1,99.99,3
6.177260921484089,BID,1,99.98,2
6.177260921484089,ASK,-1,99.99,3
6.539657290077097,ASK,-1,100.0,1
6.539657290077097,BID,1,99.99,3
7.432868462121192,ASK,-1,99.99,3
7.470854443106386,BID,1,99.98,2
7.653524121306198,BID,1,99.98,3
7.771992383676043,ASK,-1,99.99,3
7.788478859756935,BID,1,99.98,2
7.788478859756935,ASK,-1,99.99,3
8.333984489811117,BID,1,99.98,3
8.333984489811117,ASK,-1,99.99,3
8.39046194471562,BID,1,99.98,3
8.39046194471562,ASK,-1,99.99,3
8.40241297792728,ASK,-1,100.0,1
8.415851095943706,ASK,-1,100.0,1
8.418163291379807,BID,1,99.99,3
8.491602045423864,BID,1,99.98,3
8.499190542993272,ASK,-1,99.99,3
8.51056541378095,BID,1,99.98,1
8.565883910203224,ASK,-1,100.0,1
8.606053414581837,BID,1,99.98,1
8.624877290233671,ASK,-1,99.99,3
8.89007299067553,ASK,-1,100.0,3
9.106158648385556,BID,1,100.0,1
9.169719547530926,ASK,-1,100.01,1
9.197284506699788,BID,1,100.0,1
9.408552580059805,BID,1,100.0,2
10.300955301073538,ASK,-1,100.02,1
10.428143482852642,BID,1,100.01,3
10.428143482852642,ASK,-1,100.02,3
10.495943361711689,BID,1,100.01,1
10.565043903570437,BID,1,100.01,3
10.586007663265411,ASK,-1,100.02,3
11.549014855452722,BID,1,100.02,3
11.631759830600817,ASK,-1,100.03,3
11.63979006195734,BID,1,100.02,3
11.63979006195734,ASK,-1,100.03,3
11.74926935637413,BID,1,100.02,1
11.807813804533977,ASK,-1,100.04,1
11.808280534546139,BID,1,100.02,2
11.837245782292865,ASK,-1,100.04,3
12.030683100379656,BID,1,100.03,3
12.061456751947352,ASK,-1,100.04,3
12.27296684211808,BID,1,100.04,2
12.294915119184447,BID,1,100.03,1
12.294915119184447,ASK,-1,100.04,3
12.507611039335124,BID,1,100.03,3
12.51079978394602,ASK,-1,100.04,3
12.521127910945989,BID,1,100.03,3
12.598674147120581,BID,1,100.02,2
12.604637033524526,BID,1,100.02,3
12.608937714348835,ASK,-1,100.04,3
12.800959459982298,BID,1,100.02,2
12.992798316506487,BID,1,100.02,2
13.415926454074782,ASK,-1,100.02,2
13.494852206946614,ASK,-1,100.02,3
13.537467144460901,ASK,-1,100.02,3
13.699630774381044,ASK,-1,100.03,3
13.737878010314756,BID,1,100.02,2
13.900390507758518,BID,1,100.03,3
13.909459527431592,BID,1,100.02,2
14.079829522964124,ASK,-1,100.02,3
14.12567896087785,BID,1,100.01,3
14.503356893825652,ASK,-1,100.02,3
14.511455739590472,BID,1,100.01,3
14.577024702168275,ASK,-1,100.02,1
14.621129403612033,BID,1,100.0,1
14.639873852964136,ASK,-1,100.01,3
14.79037035976375,BID,1,100.0,3
14.842035036791739,ASK,-1,100.01,3
14.842035036791739,BID,1,100.01,3
14.85581969874806,ASK,-1,100.01,1
14.858260783881715,ASK,-1,100.01,3
14.858260783881715,BID,1,100.0,3
14.990086767679731,ASK,-1,100.01,1
14.993134846868005,ASK,-1,100.02,1
15.012162526938386,BID,1,100.0,3
15.13237497235139,BID,1,100.0,2
15.134690532454911,ASK,-1,100.02,3
15.1635445954169,ASK,-1,100.02,2
15.164240897154148,BID,1,100.0,3
15.164568303698895,ASK,-1,100.02,3
15.212956932956372,BID,1,100.01,3
15.275693061007734,BID,1,100.0,3
15.34519576712034,BID,1,99.99,3
15.428652016350496,ASK,-1,100.0,2
15.461670218015316,ASK,-1,99.99,3
15.560113628772102,ASK,-1,99.99,1
15.6709541940747,BID,1,99.98,3
15.781970581872113,ASK,-1,99.98,1
15.830761141304885,ASK,-1,99.98,3
15.858512479479508,ASK,-1,99.99,1
15.858512479479508,BID,1,99.98,3
15.96904845921541,ASK,-1,99.99,1
16.085025861745795,ASK,-1,99.99,2
16.10402421247256,BID,1,99.98,3
16.132565556588055,ASK,-1,99.99,1
16.16221187607091,ASK,-1,99.99,2
16.173716684861223,BID,1,99.98,3
16.320710923681215,ASK,-1,99.98,2
16.87404078007157,BID,1,99.97,2
16.897084145774883,ASK,-1,99.98,1
17.017741874002724,ASK,-1,99.98,2
17.155314459711324,ASK,-1,99.98,3
17.155314459711324,BID,1,99.97,3
17.194798181967634,BID,1,99.96,2
17.22320520975738,ASK,-1,99.98,2
17.26977815985075,BID,1,99.96,3
17.645402671819845,ASK,-1,99.96,3
18.08319794492713,BID,1,99.96,2
18.08319794492713,ASK,-1,99.97,3
18.096834632029953,ASK,-1,99.98,2
18.116801066763237,BID,1,99.97,3
18.116801066763237,ASK,-1,99.98,3
18.18882862317236,BID,1,99.97,3
18.18882862317236,ASK,-1,99.98,3
18.300117680917175,BID,1,99.97,3
18.300117680917175,ASK,-1,99.98,3
18.333046727901344,ASK,-1,99.99,2
18.43248162585627,BID,1,99.98,3
18.43248162585627,ASK,-1,99.99,3
18.448056409979056,BID,1,99.97,3
18.474488992501602,ASK,-1,99.99,3
18.5376836162118,BID,1,99.98,3
18.5376836162118,ASK,-1,99.99,3
18.728206050650343,BID,1,99.98,3
19.2128930490472,BID,1,99.98,1
19.233318420672767,BID,1,99.98,1
19.49434741829634,BID,1,99.98,1
19.510155244315197,ASK,-1,99.99,3
19.541969582164544,BID,1,99.98,3
19.56286266827551,ASK,-1,99.99,3
20.2552597635941,BID,1,99.98,1
20.502564978220796,BID,1,99.98,3
20.510932615855854,ASK,-1,99.99,1
20.598230796616914,ASK,-1,99.99,3
20.63597672176284,BID,1,99.98,3
20.677644458999158,ASK,-1,99.99,1
20.677644458999158,BID,1,99.98,3
20.754046947793853,ASK,-1,99.99,2
20.77376565623978,ASK,-1,99.99,3
20.77376565623978,BID,1,99.98,3
21.113794332550416,ASK,-1,99.99,2
21.113794332550416,BID,1,99.98,3
21.140341748204353,BID,1,99.97,1
21.140341748204353,ASK,-1,99.98,3
21.162978281267126,ASK,-1,99.99,1
21.18253790241604,ASK,-1,99.99,1
21.185025720562983,ASK,-1,99.99,3
21.216223786200622,BID,1,99.98,3
21.334155038677757,BID,1,99.97,1
21.337340141297545,BID,1,99.97,1
21.38517231452334,ASK,-1,99.99,3
21.38517231452334,BID,1,99.98,3
21.430845995067546,BID,1,99.98,3
21.598163474550347,ASK,-1,99.97,3
21.669187542778428,ASK,-1,99.98,3
21.70601920715179,BID,1,99.98,2
21.823742480423395,BID,1,99.97,3
21.829207735524328,ASK,-1,99.98,3
21.862736171703357,BID,1,99.98,3
22.065868233854,ASK,-1,99.99,1
22.25472039084864,BID,1,99.97,3
22.25472039084864,ASK,-1,99.98,3
22.328739983317924,ASK,-1,99.99,3
22.350523439875143,ASK,-1,99.99,3
22.38663607023647,BID,1,99.98,3
22.458300994136074,BID,1,99.97,2
22.46062702685118,ASK,-1,99.99,3
22.46062702685118,BID,1,99.98,3
22.52682209082227,BID,1,99.97,3
22.52682209082227,ASK,-1,99.98,3
22.576485519660537,ASK,-1,99.99,3
22.576485519660537,BID,1,99.98,3
22.629417219744784,BID,1,99.97,3
22.65456863091599,ASK,-1,99.98,3
22.765991314290325,ASK,-1,99.99,3
22.781578690777188,BID,1,99.98,2
22.798787070732644,ASK,-1,99.99,3
23.011840937049925,BID,1,99.98,3
23.026210198719546,BID,1,99.98,1
23.026210198719546,BID,1,99.98,3
23.09555050735394,ASK,-1,99.99,1
23.20297089199074,ASK,-1,99.99,1
23.441313130389744,ASK,-1,99.99,3
23.563268453358866,BID,1,99.98,3
23.56814643656026,ASK,-1,99.99,3
25.263542329609123,BID,1,99.98,3
25.476160169406757,ASK,-1,99.99,3
25.51880441343139,BID,1,99.98,3
25.56820050288686,ASK,-1,99.99,3
25.6899801026502,BID,1,99.98,2
25.8402015455684,BID,1,99.98,3
25.859706265352504,ASK,-1,99.99,3
25.8970658820317,BID,1,99.98,3
25.951956325204762,ASK,-1,99.99,3
26.018399612213553,BID,1,99.98,3
26.12013588035478,ASK,-1,99.99,2
26.372821368353673,ASK,-1,99.99,1
26.372821368353673,BID,1,99.98,3
26.418418548083487,ASK,-1,99.99,3
26.418418548083487,BID,1,99.98,3
26.588675544575462,ASK,-1,99.98,2
27.4787032317687,ASK,-1,99.99,1
27.52749712684916,BID,1,99.98,3
27.855400882083867,ASK,-1,99.97,3
27.86861940969786,ASK,-1,99.98,3
27.880794690692095,BID,1,99.98,3
27.910795682731045,ASK,-1,99.99,2
27.990940068933394,ASK,-1,99.99,3
27.990940068933394,BID,1,99.98,3
28.003018485251786,ASK,-1,99.99,3
28.01754991795815,BID,1,99.98,3
28.110862611633596,ASK,-1,99.99,1
28.110862611633596,BID,1,99.98,3
28.186600146779718,ASK,-1,99.98,3
28.20825878125524,ASK,-1,99.99,2
28.245504252203776,BID,1,99.98,2
28.246061741063947,BID,1,99.98,3
28.407931839234156,ASK,-1,99.99,3
28.458906792920946,BID,1,99.99,3
28.695312394821837,BID,1,99.98,3
28.8435202193075,ASK,-1,99.98,3
28.8562451773135,BID,1,99.97,3
28.8562451773135,ASK,-1,99.98,3
28.961052621789182,BID,1,99.97,3
28.961052621789182,ASK,-1,99.98,3
29.124547772947718,BID,1,99.97,3
29.124547772947718,ASK,-1,99.98,3
29.216392926394654,ASK,-1,99.99,2
29.266579226183183,ASK,-1,99.99,1
29.266579226183183,BID,1,99.98,3
29.336972732630212,BID,1,99.97,3
29.374416922881757,ASK,-1,99.98,1
29.39796670548572,BID,1,99.97,1
29.448324005536005,ASK,-1,99.98,2
29.47152785448255,ASK,-1,99.98,2
29.48422555128977,BID,1,99.97,1
29.5563811004118,ASK,-1,99.98,3
29.574732130206257,BID,1,99.97,3
30.298547599746417,ASK,-1,99.98,3
30.309694075661714,BID,1,99.97,1
30.32273422195628,BID,1,99.97,3
30.38664327756524,ASK,-1,99.98,1
30.412724899588863,ASK,-1,99.98,3
30.415431493742943,BID,1,99.97,3
30.494345144109435,ASK,-1,99.98,3
30.494345144109435,BID,1,99.97,3
30.585751485802778,ASK,-1,99.98,3
30.622422528183918,BID,1,99.97,1
30.7839087207919,BID,1,99.97,3
30.804219550771663,ASK,-1,99.98,1
31.124398919143083,BID,1,99.96,3
31.221951209721873,ASK,-1,99.97,2
31.24409613286949,ASK,-1,99.97,3
31.24409613286949,BID,1,99.96,3
31.7592932645726,ASK,-1,99.97,3
31.78673537629933,BID,1,99.96,1
31.78673537629933,BID,1,99.96,3
31.802146041562576,ASK,-1,99.97,1
31.820426413999837,ASK,-1,99.97,3
31.820426413999837,BID,1,99.96,3
31.822331335540266,BID,1,99.96,3
31.915631297426412,ASK,-1,99.97,3
31.915631297426412,BID,1,99.96,3
31.96254015850326,ASK,-1,99.98,2
31.96254015850326,BID,1,99.96,2
31.96706684604596,BID,1,99.96,1
32.225291501719234,ASK,-1,99.96,3
32.441418573057,BID,1,99.95,3
32.505548906295175,ASK,-1,99.96,3
32.639980717822986,ASK,-1,99.96,3
32.639980717822986,BID,1,99.95,3
32.688530580911824,ASK,-1,99.96,1
32.720464199337975,ASK,-1,99.96,2
32.752565098388885,BID,1,99.95,3
32.80457509885619,ASK,-1,99.96,3
32.80457509885619,BID,1,99.96,3
32.84997482147167,BID,1,99.94,3
33.17178762265503,ASK,-1,99.94,3
33.18521568074994,ASK,-1,99.95,2
33.18521568074994,BID,1,99.94,3
33.25999269018635,ASK,-1,99.95,3
33.25999269018635,BID,1,99.93,3
33.39034654813193,BID,1,99.92,1
33.399389755311866,ASK,-1,99.93,2
33.41148457323354,ASK,-1,99.93,1
33.41148457323354,BID,1,99.91,3
33.41915830794773,BID,1,99.91,3
33.44681932690912,ASK,-1,99.92,1
33.765919262549446,ASK,-1,99.92,3
33.765919262549446,BID,1,99.92,3
34.06590704194436,ASK,-1,99.89,1
34.06590704194436,ASK,-1,99.89,3
34.13201986612634,ASK,-1,99.9,3
34.20013270203444,BID,1,99.89,3
34.21264546374072,ASK,-1,99.9,3
34.21898561754081,BID,1,99.88,3
34.21898561754081,ASK,-1,99.9,3
34.24704029540397,BID,1,99.88,1
34.24704029540397,ASK,-1,99.9,3
34.262632539726894,BID,1,99.89,3
34.37685776963471,ASK,-1,99.9,1
34.54319762432025,BID,1,99.89,3
34.58797844275575,ASK,-1,99.9,1
34.7021149747521,ASK,-1,99.9,3
34.77125430698758,BID,1,99.89,1
34.841851776373844,BID,1,99.89,1
34.841851776373844,ASK,-1,99.9,3
34.869038689595534,BID,1,99.88,1
34.97374637835172,ASK,-1,99.9,3
35.127909159612756,BID,1,99.89,3
35.127909159612756,ASK,-1,99.9,3
35.14519696546366,BID,1,99.89,1
35.1477620060073,ASK,-1,99.91,3
35.21707134773643,BID,1,99.89,3
35.21707134773643,ASK,-1,99.91,3
35.37239955370917,BID,1,99.9,2
35.437982008215656,BID,1,99.9,3
35.437982008215656,ASK,-1,99.91,3
35.50267941585875,ASK,-1,99.92,3
35.81287419950131,BID,1,99.92,3
35.979155465670694,BID,1,99.93,3
36.6780403730665,BID,1,99.93,3
36.731391289786295,ASK,-1,99.94,1
36.76970544295147,BID,1,99.92,3
36.76970544295147,ASK,-1,99.93,3
36.81663676034386,BID,1,99.92,1
36.86179186338973,BID,1,99.92,2
36.8854156134364,ASK,-1,99.93,3
37.049854718909664,BID,1,99.92,3
37.049854718909664,ASK,-1,99.93,3
37.3172626491254,ASK,-1,99.94,1
37.36277567503965,BID,1,99.93,1
37.42869948322658,ASK,-1,99.94,2
37.50389358718244,BID,1,99.93,2
37.65828809627914,ASK,-1,99.94,3
37.77358915595223,BID,1,99.93,3
37.94640263716839,ASK,-1,99.94,2
37.954196754300014,BID,1,99.93,3
38.04879463166946,ASK,-1,99.93,3
38.15809289642497,BID,1,99.94,3
38.18126412863124,ASK,-1,99.93,2
38.203477143763976,ASK,-1,99.93,1
38.21771647512882,ASK,-1,99.94,1
38.239725674144196,BID,1,99.93,2
38.24754103491827,ASK,-1,99.94,3
38.280071699248374,BID,1,99.93,3
38.32858670201595,BID,1,99.92,3
38.38042206806855,ASK,-1,99.94,3
38.478710824400274,BID,1,99.92,1
38.48622317281082,BID,1,99.92,1
38.49391425523215,ASK,-1,99.94,3
38.53532508882638,BID,1,99.92,3
38.546613750662104,ASK,-1,99.92,3
38.618682515174655,ASK,-1,99.94,3
38.62574452281956,BID,1,99.92,3
38.62574452281956,ASK,-1,99.94,3
39.05656403820312,BID,1,99.94,1
39.55960456873065,BID,1,99.95,3
39.59352443999145,ASK,-1,99.96,2
39.74718609992486,BID,1,99.95,3
39.78674600813898,ASK,-1,99.96,1
40.2706251015152,BID,1,99.95,3
40.389705254615244,ASK,-1,99.96,3
40.50866725742531,BID,1,99.95,3
40.53172531821664,ASK,-1,99.96,3
40.63624581017445,BID,1,99.95,2
40.65401974908455,ASK,-1,99.96,3
40.71273402250249,ASK,-1,99.96,3
40.71771708771676,BID,1,99.94,3
40.721274734891956,ASK,-1,99.95,1
40.99071494368458,BID,1,99.97,3
41.14211062393993,BID,1,99.96,3
41.29124794569055,ASK,-1,99.97,3
41.30100600943112,BID,1,99.96,3
41.30100600943112,ASK,-1,99.96,3
41.37896970550628,BID,1,99.96,1
41.48926135331296,ASK,-1,99.97,3
42.014701678825205,BID,1,99.96,3
42.10531196901159,ASK,-1,99.97,3
42.240476908964986,ASK,-1,99.98,3
42.47645354807012,BID,1,99.98,3
42.57321315028377,BID,1,99.97,3
42.57486536959309,ASK,-1,99.98,3
42.657167577590556,BID,1,99.97,1
42.7628875002957,BID,1,99.97,3
43.3086460127964,ASK,-1,99.98,2
43.53004269433652,ASK,-1,99.98,3
43.98566011694128,BID,1,99.98,3
44.00289382661144,BID,1,99.97,1
44.00289382661144,ASK,-1,99.98,3
44.05671070775343,BID,1,99.97,3
44.05671070775343,ASK,-1,99.97,3
44.094374399155875,BID,1,99.97,1
44.25549433475054,BID,1,99.97,3
44.25549433475054,ASK,-1,99.98,3
44.34042872182146,BID,1,99.97,1
44.34042872182146,ASK,-1,99.98,3
44.45785952326718,BID,1,99.97,3
44.469019021332905,ASK,-1,99.98,3
44.499779202736114,BID,1,99.97,1
44.61229882970262,BID,1,99.97,1
44.95277064616642,BID,1,99.98,2
44.95277064616642,ASK,-1,99.99,3
45.182894246871946,BID,1,99.98,3
45.223917628782,BID,1,99.97,3
45.223917628782,ASK,-1,99.97,3
45.29133876102164,BID,1,99.97,3
45.29475352848153,ASK,-1,99.97,3
45.31533293894227,ASK,-1,99.99,2
45.31533293894227,ASK,-1,99.99,3
45.34717334413437,BID,1,99.98,1
45.42342146080685,BID,1,99.98,1
45.42983091021294,BID,1,99.98,3
45.454834971855675,ASK,-1,99.99,3
46.27366301331684,BID,1,99.98,1
46.32176627973713,BID,1,99.98,2
46.32176627973713,ASK,-1,99.99,3
46.55164350971184,BID,1,99.98,1
46.56065315118955,ASK,-1,100.0,1
46.56065315118955,ASK,-1,100.0,3
46.57280632478621,BID,1,99.99,2
46.70699269035942,ASK,-1,100.01,1
46.75506476500237,ASK,-1,100.01,3
46.83083350355245,BID,1,100.0,1
46.93517195750635,BID,1,100.01,1
47.05613697811452,BID,1,100.01,3
47.407551020592535,BID,1,100.01,2
47.407551020592535,ASK,-1,100.02,3
48.66178871271612,BID,1,100.02,3
48.672103328364194,BID,1,100.01,3
48.814622792218195,BID,1,100.0,1
48.881028362566255,ASK,-1,100.01,2
49.1610239740746,ASK,-1,100.02,2
49.21464060836741,ASK,-1,100.02,3
49.21464060836741,BID,1,100.01,3
49.53718567536251,BID,1,100.0,1
49.66430647292349,ASK,-1,100.01,3
49.70426639484158,BID,1,100.0,3
49.70426639484158,ASK,-1,100.0,3
49.74201828283366,ASK,-1,100.02,3
50.00875469087551,BID,1,100.02,2
50.02651109368868,BID,1,100.02,3
50.089379753091784,ASK,-1,100.02,3
50.23534503424773,BID,1,100.02,1
50.4887752543141,BID,1,100.02,3
50.4987244458596,ASK,-1,100.03,3
50.949747859540416,BID,1,100.02,2
51.030710512695826,BID,1,100.02,3
51.032054782614466,ASK,-1,100.04,1
51.03495724642965,BID,1,100.02,2
51.08988351128374,ASK,-1,100.02,3
51.18784866624225,ASK,-1,100.03,1
51.33188190032889,BID,1,100.02,1
51.33802716760669,ASK,-1,100.04,3
51.340739709278424,BID,1,100.04,3
51.41600364174581,ASK,-1,100.04,2
51.45503305217592,BID,1,100.03,1
51.50383026571207,ASK,-1,100.04,3
51.50383026571207,BID,1,100.04,3
51.50624245348984,BID,1,100.02,3
51.60407201811992,ASK,-1,100.03,3
51.60407201811992,BID,1,100.02,3
51.636439887229436,ASK,-1,100.04,3
51.64059490955566,ASK,-1,100.04,2
51.64059490955566,BID,1,100.02,3
51.64083789324818,BID,1,100.02,3
51.67511510886157,ASK,-1,100.03,3
51.67511510886157,BID,1,100.02,3
51.71474482090025,BID,1,100.01,3
51.910618820047716,ASK,-1,100.02,2
52.01295702525245,BID,1,100.0,3
52.06343859256177,ASK,-1,100.0,2
52.10537773144842,ASK,-1,100.0,3
52.5121120594354,ASK,-1,99.99,3
52.70690874753545,ASK,-1,100.0,3
52.70690874753545,BID,1,99.99,3
52.736289366946195,BID,1,99.98,3
52.843566434531915,BID,1,99.98,2
52.85862199499888,ASK,-1,100.0,1
52.87361487033369,ASK,-1,99.99,2
52.87361487033369,BID,1,99.98,3
52.913867000670216,ASK,-1,99.99,2
53.01536941508518,ASK,-1,99.99,3
53.01536941508518,BID,1,99.98,3
53.027908864125884,BID,1,99.98,3
53.516370473361086,ASK,-1,99.98,1
53.712871790745275,ASK,-1,99.98,3
53.89736866017591,ASK,-1,99.98,3
54.037183888453285,ASK,-1,99.99,3
54.066064332165865,BID,1,99.97,1
54.24219130020962,ASK,-1,100.0,1
54.26270402869476,BID,1,99.99,3
54.277142669846675,BID,1,99.98,3
54.29445239591725,BID,1,99.98,1
54.30703187208514,ASK,-1,99.99,3
54.31639974677319,BID,1,99.98,3
54.31639974677319,ASK,-1,99.99,3
54.40029549640538,BID,1,99.98,2
54.40029549640538,ASK,-1,99.99,3
54.605069915749255,BID,1,99.99,3
54.634586574986436,BID,1,99.98,1
54.872863868165105,ASK,-1,99.98,3
54.96203795618514,ASK,-1,99.99,3
55.011166820103185,BID,1,99.99,2
55.36359077116848,BID,1,99.98,2
55.36359077116848,ASK,-1,99.99,3
55.447397283436445,BID,1,99.97,2
55.48102037281547,ASK,-1,99.99,3
55.5482096253499,BID,1,99.98,1
55.55129958391621,ASK,-1,99.99,3
55.65023223466952,BID,1,99.98,3
55.65023223466952,ASK,-1,99.99,3
55.73106282390067,BID,1,99.99,2
55.73876580533418,BID,1,99.99,3
55.92984041507777,ASK,-1,100.0,2
55.97905940127868,BID,1,99.99,3
55.98031827512011,ASK,-1,99.99,3
56.067408385599144,ASK,-1,100.01,1
56.13024838441079,BID,1,100.0,2
56.32521237737276,ASK,-1,100.02,3
56.34196591742202,BID,1,100.01,2
56.352449770206796,BID,1,100.01,3
56.3699710256746,ASK,-1,100.01,1
56.3699710256746,ASK,-1,100.02,3
56.40198584398692,ASK,-1,100.03,1
56.718410654903444,BID,1,100.02,3
56.894665805580885,BID,1,100.02,2
57.06804219441399,ASK,-1,100.03,3
57.08553547869829,BID,1,100.01,3
57.10502893714353,ASK,-1,100.03,3
57.157973299905606,BID,1,100.02,3
57.157973299905606,BID,1,100.01,2
57.16905667860606,ASK,-1,100.02,3
57.20575383254429,ASK,-1,100.03,3
57.20575383254429,BID,1,100.02,3
57.2490811701189,ASK,-1,100.03,1
57.279638705603645,BID,1,100.01,2
57.316743109157805,ASK,-1,100.03,3
57.39136538653108,ASK,-1,100.03,1
57.39136538653108,BID,1,100.02,3
57.41155614581648,BID,1,100.01,3
57.41271708878371,ASK,-1,100.01,3
57.4359641137759,ASK,-1,100.02,3
57.50295497873234,BID,1,100.01,3
57.50295497873234,ASK,-1,100.02,3
57.5113042260999,BID,1,100.0,3
57.5113042260999,ASK,-1,100.02,3
57.68562513380848,BID,1,100.02,3
57.69998211161453,ASK,-1,100.03,1
57.89260942353777,ASK,-1,100.03,2
57.93053601758219,BID,1,100.03,2
57.95592197595328,BID,1,100.02,3
58.02550326347019,BID,1,100.01,1
58.02550326347019,ASK,-1,100.02,3
58.02551448717107,ASK,-1,100.03,3
58.069055869452036,ASK,-1,100.04,1
58.069055869452036,ASK,-1,100.04,3
58.112046929284425,BID,1,100.03,3
58.112046929284425,ASK,-1,100.04,3
58.17537606617694,BID,1,100.03,2
58.21772686595166,BID,1,100.04,3
58.311413496327035,BID,1,100.03,3
58.34894534049955,BID,1,100.01,3
58.400532172463315,ASK,-1,100.02,3
58.40865896319405,BID,1,100.01,1
58.40865896319405,BID,1,100.01,3
58.83357589681886,ASK,-1,100.02,2
58.885212266657526,ASK,-1,100.02,1
59.002737336801225,ASK,-1,100.02,2
59.024508060370266,ASK,-1,100.02,3
59.04629783062218,BID,1,100.01,3
59.15582174688164,ASK,-1,100.02,1
59.15582174688164,BID,1,100.01,3
59.260139511734174,ASK,-1,100.02,1
59.44432482694036,ASK,-1,100.02,2
59.49981764418092,BID,1,100.01,3
59.62751532907051,ASK,-1,100.02,3
59.66902313718737,BID,1,100.01,3
59.72721756118527,ASK,-1,100.02,2
60.12901138554174,BID,1,100.0,2
60.47242571031163,BID,1,99.99,3
60.565337629894984,ASK,-1,100.0,3
60.647563406166626,ASK,-1,100.0,3
60.71280462434939,BID,1,99.99,3
60.80916880574975,ASK,-1,100.0,2
60.93592504097946,BID,1,99.98,3
61.012893555620806,ASK,-1,99.99,3
61.012893555620806,BID,1,99.98,3
61.51319993626861,ASK,-1,99.97,3
61.62021121964821,ASK,-1,99.98,1
61.62021121964821,BID,1,99.97,3
61.654355971750995,BID,1,99.96,3
61.67516968622372,ASK,-1,99.97,3
61.67516968622372,BID,1,99.96,3
61.72320130173481,ASK,-1,99.98,1
61.72826271279553,BID,1,99.95,3
61.837475547647024,ASK,-1,99.96,2
61.909479464744514,BID,1,99.94,2
61.96588115536711,ASK,-1,99.94,1
62.333226213841755,ASK,-1,99.93,2
62.35732233531967,ASK,-1,99.93,1
62.430533396096884,ASK,-1,99.93,2
63.47835948491697,BID,1,99.92,2
63.49258222052018,ASK,-1,99.93,2
63.49258222052018,BID,1,99.92,3
63.58006490015206,BID,1,99.91,2
63.59129580004063,BID,1,99.91,1
63.91890402910898,ASK,-1,99.91,3
63.92642284335329,ASK,-1,99.91,3
64.2392715970733,ASK,-1,99.92,1
64.29269875540184,BID,1,99.9,3
64.29269875540184,ASK,-1,99.91,3
64.36632199168812,ASK,-1,99.92,3
64.48551181937475,BID,1,99.91,2
64.48551181937475,ASK,-1,99.92,3
64.61001641562345,BID,1,99.91,3
64.61524442208736,ASK,-1,99.91,1
64.67324593206281,BID,1,99.9,1
64.69263361573068,BID,1,99.9,3
64.69263361573068,ASK,-1,99.92,3
64.70131674116453,BID,1,99.9,2
64.70605013312321,ASK,-1,99.92,3
64.79712939262006,BID,1,99.91,3
64.79712939262006,ASK,-1,99.92,3
64.8794536762283,BID,1,99.91,3
64.8794536762283,ASK,-1,99.92,3
64.96542683920616,BID,1,99.91,2
64.9826521908787,ASK,-1,99.93,2
64.98791169711282,ASK,-1,99.93,3
65.03624496118431,BID,1,99.92,3
65.04391443515826,BID,1,99.91,3
65.0493375152588,ASK,-1,99.91,1
65.08473547996003,ASK,-1,99.93,3
65.15048473172257,BID,1,99.92,3
65.5554792321953,ASK,-1,99.93,3
65.57973810155946,BID,1,99.92,2
65.57973810155946,ASK,-1,99.93,3
65.6816455734614,BID,1,99.93,3
65.7438529345263,ASK,-1,99.94,2
65.8069042339279,BID,1,99.93,3
65.83367282701138,ASK,-1,99.94,1
66.04546488427697,BID,1,99.93,3
66.05539805115194,ASK,-1,99.93,3
66.29904756630641,BID,1,99.93,2
66.54497091634566,BID,1,99.92,1
66.5749078003892,BID,1,99.92,2
66.57720663592619,ASK,-1,99.93,2
66.73058662494677,ASK,-1,99.94,3
66.73058662494677,BID,1,99.94,3
66.75856503461104,BID,1,99.92,3
66.8432868757625,ASK,-1,99.93,3
66.86053204925383,BID,1,99.92,3
66.99130711402725,BID,1,99.91,2
67.12610811292951,ASK,-1,99.91,3
67.19165148637182,ASK,-1,99.92,3
67.23152447235536,ASK,-1,99.92,3
67.25999111538378,BID,1,99.91,3
67.67938140581455,BID,1,99.9,1
67.75473593032675,BID,1,99.9,3
67.83877633812837,ASK,-1,99.9,3
67.92395453669354,BID,1,99.89,3
68.33314075708346,ASK,-1,99.89,2
68.35864825221742,ASK,-1,99.89,3
68.44009530840053,BID,1,99.88,2
68.53619928844752,ASK,-1,99.89,3
68.56159031163695,BID,1,99.88,2
68.63532321023534,ASK,-1,99.89,3
68.80916553411024,BID,1,99.88,1
68.89005267901797,BID,1,99.88,2
68.89005267901797,ASK,-1,99.89,3
68.90416152687315,BID,1,99.88,3
68.9717456929696,ASK,-1,99.89,3
69.12174334391067,BID,1,99.88,3
69.16158093119174,ASK,-1,99.89,3
69.4644039641868,BID,1,99.88,2
69.58310025755006,BID,1,99.88,3
69.58310025755006,ASK,-1,99.88,1
69.62808254633865,ASK,-1,99.89,3
69.65444940275134,ASK,-1,99.9,3
69.9184864888232,BID,1,99.9,1
69.91904810804536,BID,1,99.9,3
71.62431043229434,BID,1,99.89,2
71.62431043229434,ASK,-1,99.9,3
71.7964863604934,BID,1,99.89,3
71.7964863604934,ASK,-1,99.9,3
71.82079393199672,BID,1,99.89,3
71.85699936912658,ASK,-1,99.9,3
71.99974305847891,BID,1,99.89,2
72.05925667859705,ASK,-1,99.9,3
72.15933107510264,BID,1,99.89,1
72.16805902217196,ASK,-1,99.91,2
72.58415049463336,ASK,-1,99.92,1
73.34803913671983,BID,1,99.92,3
73.80269197376798,ASK,-1,99.93,3
73.99655477681158,BID,1,99.92,3
74.2483639369262,BID,1,99.92,1
74.40788769333572,ASK,-1,99.94,3
74.41170596201438,BID,1,99.94,1
74.44196679538616,BID,1,99.93,3
74.45793672528573,BID,1,99.92,3
74.47428361037906,ASK,-1,99.92,3
74.52434420816442,BID,1,99.92,3
74.52434420816442,ASK,-1,99.93,3
74.5422373385541,ASK,-1,99.94,2
74.67116184874448,BID,1,99.93,1
74.68473441040761,ASK,-1,99.94,3
74.79097763217844,BID,1,99.94,3
74.88333203503875,BID,1,99.93,2
74.90790626118728,ASK,-1,99.94,3
74.95680454037553,ASK,-1,99.95,3
74.95680454037553,BID,1,99.94,3
74.97340450280012,BID,1,99.94,3
75.06685587632046,BID,1,99.93,3
75.07065714944329,BID,1,99.92,3
75.07269487025461,ASK,-1,99.94,3
75.07269487025461,BID,1,99.91,3
75.08502489428943,ASK,-1,99.94,3
75.56306100985972,ASK,-1,99.91,3
75.92887073486675,BID,1,99.9,3
76.7036450457733,ASK,-1,99.9,3
76.89253092800861,ASK,-1,99.91,3
77.19488694269633,ASK,-1,99.92,2
77.30178091401788,BID,1,99.92,3
77.64162258802452,BID,1,99.91,2
77.69056215714645,ASK,-1,99.92,3
77.74908422543173,ASK,-1,99.93,1
77.74908422543173,ASK,-1,99.93,3
77.96520335256709,BID,1,99.92,2
78.07095162949359,BID,1,99.92,3
78.55388191107916,BID,1,99.91,3
78.55388191107916,ASK,-1,99.92,3
78.56230244198905,ASK,-1,99.93,3
79.42357874621761,BID,1,99.94,2
79.57529096622814,BID,1,99.94,1
80.60982578642013,ASK,-1,99.96,3
80.86849167205631,BID,1,99.96,1
80.86849167205631,ASK,-1,99.96,3
80.96645163057127,BID,1,99.96,3
81.10148400045378,ASK,-1,99.97,1
81.1160454588073,BID,1,99.96,3
81.23822433435396,BID,1,99.95,2
81.33336695852041,ASK,-1,99.97,3
81.33368983604335,BID,1,99.96,3
81.43901656899011,ASK,-1,99.97,1
81.58476454910414,ASK,-1,99.97,3
81.59676147006492,BID,1,99.96,3
81.6745881032747,BID,1,99.95,2
81.6745881032747,ASK,-1,99.96,3
81.71610393001829,ASK,-1,99.97,3
81.90196092338932,BID,1,99.96,3
81.90196092338932,ASK,-1,99.96,3
81.9277329623934,BID,1,99.96,3
81.92865032192597,BID,1,99.95,3
81.92865032192597,ASK,-1,99.96,3
82.0485721525034,ASK,-1,99.97,2
82.05821678687187,ASK,-1,99.97,3
82.19940001019461,BID,1,99.97,2
82.27654345338055,BID,1,99.97,2
82.7530911632043,BID,1,99.96,3
82.8880636768572,BID,1,99.95,1
82.8880636768572,ASK,-1,99.96,3
82.94207088015553,ASK,-1,99.96,3
83.0087762898619,BID,1,99.96,1
83.36857268540791,BID,1,99.95,2
83.38753502669059,ASK,-1,99.96,3
83.46812365351879,ASK,-1,99.97,1
83.46812365351879,BID,1,99.96,3
83.57121782807367,BID,1,99.95,3
83.59730681152435,ASK,-1,99.96,3
83.61758358041432,BID,1,99.95,3
83.72837712404854,ASK,-1,99.96,3
83.72837712404854,BID,1,99.95,3
83.74590062552714,ASK,-1,99.96,3
83.7852003455805,BID,1,99.95,3
83.7852003455805,ASK,-1,99.96,3
83.86346490330504,BID,1,99.96,3
83.9357736773239,ASK,-1,99.97,2
83.9357736773239,BID,1,99.96,3
83.98049973183443,ASK,-1,99.97,3
84.01991725302226,BID,1,99.96,1
84.21148620027923,ASK,-1,99.96,1
84.37584142202917,ASK,-1,99.96,2
84.37751634646614,BID,1,99.95,3
84.39820313445567,ASK,-1,99.97,1
84.39820313445567,BID,1,99.95,3
84.49064324164029,ASK,-1,99.96,3
84.53318968138458,ASK,-1,99.96,2
84.53318968138458,BID,1,99.95,3
84.58908253518099,ASK,-1,99.96,2
84.58908253518099,BID,1,99.95,3
84.71045165960395,ASK,-1,99.96,2
84.71942146237731,ASK,-1,99.96,2
84.71942146237731,BID,1,99.95,3
84.7485315280848,ASK,-1,99.96,3
84.7485315280848,BID,1,99.95,3
85.17058404662592,ASK,-1,99.96,2
85.18069908345676,BID,1,99.95,1
85.18783867135211,ASK,-1,99.96,1
85.18783867135211,BID,1,99.95,3
85.32745555845646,ASK,-1,99.96,2
85.51677253485097,ASK,-1,99.96,2
85.51677253485097,BID,1,99.95,3
85.64326583167227,ASK,-1,99.96,3
85.64326583167227,BID,1,99.96,3
85.76759146716404,ASK,-1,99.96,3
85.77917485565109,BID,1,99.95,3
85.83853745057749,ASK,-1,99.96,1
85.85614482112645,ASK,-1,99.96,3
85.89372408242082,BID,1,99.96,1
85.90114629813627,BID,1,99.95,3
86.20979005847381,BID,1,99.94,3
86.31782816089137,ASK,-1,99.95,3
86.54637742853242,ASK,-1,99.95,2
86.56636103467346,BID,1,99.94,3
86.66829071043632,BID,1,99.93,3
86.68409652300309,ASK,-1,99.94,1
86.73300222853067,ASK,-1,99.94,1
86.73849911090144,ASK,-1,99.94,1
86.79606740132043,BID,1,99.93,3
86.82827419133105,ASK,-1,99.94,3
86.90919509095993,ASK,-1,99.94,3
86.90919509095993,BID,1,99.94,3
87.18174714782309,BID,1,99.92,3
87.24779359626787,ASK,-1,99.92,1
87.25079714831206,ASK,-1,99.93,3
87.37434054987571,ASK,-1,99.93,2
87.37434054987571,BID,1,99.92,3
87.49355874434893,BID,1,99.91,2
87.62366459323408,ASK,-1,99.92,3
87.62366459323408,BID,1,99.91,3
87.73523571622023,ASK,-1,99.92,3
87.77480806966915,BID,1,99.91,3
87.96388666522994,ASK,-1,99.92,3
88.013571707459,BID,1,99.91,3
88.09277210103072,ASK,-1,99.91,3
88.10122859700616,BID,1,99.9,2
88.16056451704269,ASK,-1,99.91,1
88.17009266673202,BID,1,99.89,3
88.25867124922834,ASK,-1,99.9,2
88.38814414116888,ASK,-1,99.9,1
88.80760477131086,ASK,-1,99.9,1
88.80760477131086,ASK,-1,99.9,3
88.97856501459029,BID,1,99.89,3
88.97856501459029,ASK,-1,99.9,3
89.03951986126103,BID,1,99.89,2
89.0784723527489,ASK,-1,99.9,2
89.08691462489178,BID,1,99.89,1
89.14214585856816,BID,1,99.89,3
89.19363851508867,ASK,-1,99.9,3
89.3030708314391,BID,1,99.89,3
89.42368323622287,ASK,-1,99.9,1
89.58229808022398,ASK,-1,99.9,2
89.67929265605255,BID,1,99.89,3
89.89414945967877,ASK,-1,99.9,1
90.10034384697519,BID,1,99.88,3
90.23632018585211,ASK,-1,99.89,3
90.72756196162608,ASK,-1,99.89,3
90.72756196162608,BID,1,99.88,3
91.14339711898081,BID,1,99.87,1
91.37340798677175,ASK,-1,99.88,1
91.53198925296043,ASK,-1,99.88,3
91.53198925296043,BID,1,99.88,3
91.77218905022796,BID,1,99.86,3
91.77218905022796,ASK,-1,99.87,3
93.60625569450448,BID,1,99.86,1
94.09082642625945,ASK,-1,99.87,3
94.1715992147254,BID,1,99.86,3
94.40039144011695,ASK,-1,99.87,3
94.44408019826459,BID,1,99.86,3
94.57654070731567,ASK,-1,99.87,3
94.63521928228559,BID,1,99.86,3
94.63521928228559,ASK,-1,99.87,3
94.70775211366588,BID,1,99.86,3
94.71447609451782,ASK,-1,99.87,3
95.02736498558876,BID,1,99.86,3
95.04009560068437,ASK,-1,99.87,3
95.28810787016533,BID,1,99.86,1
95.28810787016533,ASK,-1,99.88,3
95.4791381731499,BID,1,99.88,2
95.60933974159752,BID,1,99.87,1
95.64233259813635,ASK,-1,99.88,3
95.70200417346311,BID,1,99.87,3
95.7658221847247,ASK,-1,99.88,2
95.83847682140234,BID,1,99.87,2
95.89287232734965,ASK,-1,99.88,3
95.94340406938862,ASK,-1,99.89,2
96.06016664386455,BID,1,99.89,2
96.06016664386455,BID,1,99.89,3
96.25312968643333,BID,1,99.88,1
96.31571369054969,BID,1,99.87,3
96.31571369054969,ASK,-1,99.88,3
96.3514375744248,ASK,-1,99.89,3
96.35689692736013,ASK,-1,99.89,3
96.36866862095214,BID,1,99.89,3
96.39953278831618,BID,1,99.88,3
96.39953278831618,ASK,-1,99.88,3
96.41279024760617,ASK,-1,99.89,3
96.53479973484595,BID,1,99.89,3
96.83046329381193,ASK,-1,99.9,3
97.06291557281716,BID,1,99.9,2
97.0652268265046,BID,1,99.89,1
97.15821742936323,BID,1,99.89,3
97.15821742936323,ASK,-1,99.89,3
97.16875235616199,BID,1,99.89,3
97.16875235616199,ASK,-1,99.89,3
97.1914995849538,BID,1,99.89,3
97.1914995849538,ASK,-1,99.9,3
97.27563482740895,BID,1,99.89,3
97.34233357125555,ASK,-1,99.9,3
97.40273580725838,BID,1,99.89,3
97.40622193094707,ASK,-1,99.9,3
97.68005835272106,BID,1,99.89,1
97.91433956478727,BID,1,99.89,3
97.91433956478727,ASK,-1,99.9,3
97.92279780251964,BID,1,99.89,3
98.02766435883495,ASK,-1,99.9,3
98.58261836781048,BID,1,99.89,1
98.65085737008879,ASK,-1,99.9,3
98.80374850043776,BID,1,99.89,3
98.83131115685116,ASK,-1,99.9,3
98.89868166937059,BID,1,99.89,1
99.0075072629644,BID,1,99.89,1
99.009532381941,BID,1,99.89,3
99.1274716910879,ASK,-1,99.9,3
99.20589480701713,BID,1,99.89,3
99.24096181033178,ASK,-1,99.89,2
99.27177308218594,ASK,-1,99.9,3
99.3277693946934,BID,1,99.89,3
99.3277693946934,ASK,-1,99.9,3
99.42086534356541,BID,1,99.89,2
99.45840026387853,BID,1,99.89,3
99.45840026387853,ASK,-1,99.89,3
99.51722305909658,BID,1,99.89,3
99.51722305909658,ASK,-1,99.9,3
99.573403186897,BID,1,99.89,2
99.573403186897,ASK,-1,99.9,3
99.785121884757,BID,1,99.89,1
99.83027228817545,BID,1,99.89,1
99.84937805739648,ASK,-1,99.9,3
99.88374483459636,BID,1,99.89,1
99.98873051155216,BID,1,99.89,1
100.25354675164256,BID,1,99.89,3
100.25354675164256,ASK,-1,99.9,3
101.54530237532443,BID,1,99.9,2
101.55046331025765,ASK,-1,99.91,3
101.6648846183414,BID,1,99.9,1
101.68185122167756,BID,1,99.9,1
101.95541221497506,ASK,-1,99.92,3
102.07060572372453,BID,1,99.91,1
102.62644996282371,BID,1,99.92,3
102.64356154981104,ASK,-1,99.93,3
102.69856722208804,BID,1,99.92,1
102.71472484057611,BID,1,99.92,3
102.73968876029471,ASK,-1,99.93,1
102.75390910699404,ASK,-1,99.93,3
102.98078281192741,BID,1,99.92,3
103.03538954205824,ASK,-1,99.92,3
103.0686039987238,BID,1,99.92,3
103.08701080413694,ASK,-1,99.93,3
103.31702834793255,BID,1,99.93,1
103.4906208714107,BID,1,99.92,3
103.4906208714107,ASK,-1,99.93,3
103.73802245713264,BID,1,99.92,2
103.73802245713264,ASK,-1,99.93,3
103.76054430649748,BID,1,99.92,3
103.77745557487704,ASK,-1,99.93,3
103.77780695109696,ASK,-1,99.93,3
103.88367817082815,BID,1,99.92,1
103.90292529103444,BID,1,99.92,3
103.90292529103444,ASK,-1,99.92,3
104.08886629653249,BID,1,99.92,3
104.08886629653249,ASK,-1,99.93,3
104.27693280031852,ASK,-1,99.94,3
104.31222128245771,BID,1,99.93,3
104.31900364528948,BID,1,99.92,3
104.32484567930298,ASK,-1,99.93,1
104.39504260229259,ASK,-1,99.94,3
104.55995504858498,BID,1,99.93,3
104.60420561195164,BID,1,99.92,3
104.60420561195164,ASK,-1,99.94,3
104.61473963905658,BID,1,99.92,3
104.61473963905658,ASK,-1,99.93,3
104.75813118725131,ASK,-1,99.93,3
104.82201994814764,ASK,-1,99.94,3
104.86282615490455,BID,1,99.92,3
105.00927581194813,BID,1,99.94,3
105.00927581194813,ASK,-1,99.95,1
105.19144146945996,BID,1,99.94,2
105.2597784802557,ASK,-1,99.95,3
105.28128456751881,BID,1,99.94,2
105.36831011652484,ASK,-1,99.95,3
105.49515387065335,BID,1,99.94,3
105.49515387065335,ASK,-1,99.95,3
105.56278760650478,BID,1,99.94,1
105.67166123785434,BID,1,99.94,1
105.88626033022103,BID,1,99.95,1
105.98041747230816,ASK,-1,99.96,1
106.114190852161,BID,1,99.96,1
106.86268288702139,BID,1,99.95,3
106.91703329678899,ASK,-1,99.95,2
106.91769227387965,ASK,-1,99.95,1
107.096391429072,BID,1,99.95,3
107.096391429072,ASK,-1,99.96,3
107.2563956315066,BID,1,99.95,2
107.28248840019039,ASK,-1,99.96,3
107.32193145081516,BID,1,99.95,2
107.40372392594006,BID,1,99.95,3
107.49859934208577,ASK,-1,99.96,3
107.5697128149472,ASK,-1,99.97,1
107.8211799078606,ASK,-1,99.98,3
107.85739884097755,BID,1,99.98,3
107.88135926140312,BID,1,99.97,3
107.88135926140312,ASK,-1,99.97,1
107.97713649624524,ASK,-1,99.98,1
108.39543343028168,BID,1,99.97,1
108.42883342807791,ASK,-1,99.98,3
108.67575002876879,BID,1,99.98,3
109.10492144635076,ASK,-1,99.99,2
109.1481703376173,BID,1,99.98,3
109.37634086577117,ASK,-1,99.99,3
109.4507102476541,BID,1,99.98,3
109.72009073661698,BID,1,99.97,1
109.72009073661698,ASK,-1,99.98,3
110.07381945723083,BID,1,99.97,1
110.1947806187686,ASK,-1,99.98,3
110.72997816370696,BID,1,99.98,1
110.76940444984855,ASK,-1,99.99,1
110.91958229283632,BID,1,99.98,2
110.96903347636334,BID,1,99.98,1
110.97049046126448,BID,1,99.98,2
111.01817759554652,ASK,-1,99.99,3
111.22145046787614,BID,1,99.98,3
111.22145046787614,ASK,-1,99.99,3
111.4600900731026,BID,1,99.98,2
111.4600900731026,ASK,-1,99.99,3
111.59260028975277,BID,1,99.98,1
111.6218074699246,BID,1,99.98,2
111.65598324153984,ASK,-1,99.99,3
112.14073939645544,BID,1,99.98,1
112.34075884267938,BID,1,99.98,1
112.34075884267938,BID,1,99.98,3
112.41872416093818,ASK,-1,99.98,3
112.44241965909912,BID,1,99.98,3
112.59995178474118,ASK,-1,99.98,3
113.22632858325744,ASK,-1,100.0,1
113.40916613211142,ASK,-1,100.01,3
113.4163973266523,BID,1,99.99,1
113.49953740957893,BID,1,100.0,1
113.54279601248713,ASK,-1,100.01,3
113.66427843945065,BID,1,100.01,3
114.38112362182842,BID,1,100.0,1
114.46009380780104,BID,1,100.0,3
114.46009380780104,ASK,-1,100.0,3
114.81585898748962,BID,1,100.0,3
114.85317467858428,ASK,-1,100.01,3
114.89262332431917,BID,1,100.01,3
114.93910041182161,ASK,-1,100.01,1
114.99598576098927,ASK,-1,100.01,1
115.95501972894529,BID,1,100.0,3
116.10519566729023,ASK,-1,100.0,3
116.75244729234649,BID,1,99.99,3
116.78504699835652,ASK,-1,100.01,1
116.85293422776051,BID,1,99.99,3
117.10851674279535,ASK,-1,100.0,1
117.2800309253568,ASK,-1,100.0,3
117.32808228267771,BID,1,99.99,3
117.40905984661535,ASK,-1,100.0,1
117.48097585619806,ASK,-1,100.0,3
117.48097585619806,BID,1,100.0,3
117.63828049507237,BID,1,99.98,1
117.68725323704791,BID,1,99.98,1
117.6938114255564,ASK,-1,100.0,3
117.6938114255564,BID,1,100.0,3
117.73038730101618,ASK,-1,100.0,3
117.73611495669962,ASK,-1,100.0,3
117.73611495669962,BID,1,99.99,3
117.75122084569131,BID,1,99.98,3
117.7564313009143,ASK,-1,100.0,3
117.7564313009143,BID,1,99.98,3
117.77510358352134,ASK,-1,100.0,3
117.81198621781925,BID,1,99.98,3
118.19713812838302,ASK,-1,99.98,3
118.24031949399814,ASK,-1,99.99,1
118.38363355091704,ASK,-1,99.99,3
118.78443197536983,BID,1,99.98,1
119.08857209370815,BID,1,99.98,3
119.08857209370815,ASK,-1,99.99,3
119.2661403425519,BID,1,99.98,3
119.29164985609897,ASK,-1,99.99,3
119.5754025590381,ASK,-1,100.0,1
119.59291865854237,BID,1,99.99,3
119.60338537489591,ASK,-1,100.0,3
119.98494233432167,BID,1,99.99,3
119.98494233432167,ASK,-1,100.01,3
120.01113076912371,ASK,-1,100.01,3
120.43409652261069,BID,1,100.01,1
120.52777721830984,BID,1,100.01,2
120.52777721830984,ASK,-1,100.02,3
120.67959961660617,BID,1,100.02,1
120.71473667311187,BID,1,100.01,3
120.73886005041426,BID,1,100.01,1
120.76101594625244,ASK,-1,100.02,3
120.826979431993,BID,1,100.01,3
120.826979431993,ASK,-1,100.02,3
120.91581639913849,BID,1,100.01,3
120.91637927607478,ASK,-1,100.02,1
121.18562149461583,BID,1,100.01,1
121.25411107608232,ASK,-1,100.02,3
121.40894324860099,BID,1,100.01,3
121.54280135464232,ASK,-1,100.02,3
121.73196056109732,BID,1,100.01,3
121.7663154293666,ASK,-1,100.02,3
121.79305728064412,BID,1,100.01,2
122.22310724034116,ASK,-1,100.03,1
122.2319617387464,ASK,-1,100.03,2
122.531952687478,BID,1,100.02,3
122.5471883007637,BID,1,100.02,3
122.54744203436039,ASK,-1,100.03,1
122.88784456344659,ASK,-1,100.03,3
122.9196719605102,BID,1,100.02,3
122.9679434494621,ASK,-1,100.03,1
123.33723522859077,ASK,-1,100.04,3
123.37475614420751,BID,1,100.02,3
123.39341618831263,ASK,-1,100.04,2
123.41321398950815,BID,1,100.02,1
124.01052155106977,BID,1,100.03,2
124.01052155106977,ASK,-1,100.04,3
124.34071001315982,BID,1,100.03,2
124.45118159987797,ASK,-1,100.04,3
124.52255808800967,BID,1,100.04,1
124.63779311581769,ASK,-1,100.05,1
124.63779311581769,BID,1,100.04,3
124.64456731081621,BID,1,100.04,3
124.83041677030576,ASK,-1,100.04,3
125.01033516476333,ASK,-1,100.05,3
125.11689718016457,BID,1,100.04,1
125.12629637555843,BID,1,100.04,3
125.12629637555843,ASK,-1,100.04,3
125.39025289389329,BID,1,100.04,3
125.39025289389329,ASK,-1,100.05,3
125.49202541616181,BID,1,100.04,3
125.53993400047655,ASK,-1,100.04,3
125.57890592348946,BID,1,100.04,1
125.59530258386545,BID,1,100.04,3
125.59530258386545,ASK,-1,100.05,3
125.76808611431699,BID,1,100.04,2
125.76808611431699,ASK,-1,100.05,3
125.90236901958714,BID,1,100.04,1
125.90941827981649,BID,1,100.04,1
125.93584000121538,BID,1,100.04,1
126.0213693105879,ASK,-1,100.05,3
126.11192993018862,BID,1,100.04,2
126.23476754348098,BID,1,100.04,3
126.2656510682972,ASK,-1,100.04,3
126.38973065377492,ASK,-1,100.06,3
126.60564866900262,BID,1,100.06,1
126.61091283687863,BID,1,100.06,3
126.61091283687863,ASK,-1,100.07,3
127.06461416398378,ASK,-1,100.08,3
127.13869929069926,BID,1,100.08,2
127.14236674756553,BID,1,100.07,3
127.14236674756553,ASK,-1,100.08,3
127.19986158237417,ASK,-1,100.09,2
127.27113878828382,ASK,-1,100.09,1
127.27728386316366,BID,1,100.08,1
127.33600154581866,ASK,-1,100.1,2
127.37504557301688,BID,1,100.1,1
127.4318373346511,BID,1,100.1,3
127.45480303023638,BID,1,100.1,3
127.65681268759353,ASK,-1,100.11,2
127.65699854074953,BID,1,100.1,3
127.6753256292705,ASK,-1,100.12,1
127.68026608427218,BID,1,100.1,3
127.75847791491023,BID,1,100.09,2
127.82431257838886,ASK,-1,100.09,2
127.89362337674822,ASK,-1,100.09,3
128.2841329260966,ASK,-1,100.1,2
128.4032205345828,ASK,-1,100.11,2
128.44915500047836,BID,1,100.1,3
128.45099421986183,BID,1,100.1,3
128.4773452271213,ASK,-1,100.11,2
128.4773452271213,BID,1,100.1,3
128.54063852455477,ASK,-1,100.11,3
128.55583231228303,BID,1,100.1,3
128.55583231228303,BID,1,100.09,3
128.8298938618984,ASK,-1,100.1,3
128.84165898156058,BID,1,100.08,3
128.85134688190513,ASK,-1,100.1,3
128.88881408900784,BID,1,100.08,3
128.92693609318238,ASK,-1,100.08,3
128.99507827379063,ASK,-1,100.08,3
129.07304491209848,BID,1,100.07,3
129.08990032504073,ASK,-1,100.08,2
129.19351877173025,ASK,-1,100.08,3
129.19351877173025,BID,1,100.07,3
129.4354967541946,ASK,-1,100.08,3
129.50858275441806,BID,1,100.07,3
129.80608306129864,ASK,-1,100.08,3
129.81116373620497,ASK,-1,100.09,1
129.83079659631855,BID,1,100.08,3
130.00302224381133,BID,1,100.07,3
130.2489405099199,ASK,-1,100.07,2
130.6793451759945,ASK,-1,100.08,2
130.69496604513657,BID,1,100.07,3
130.69496604513657,ASK,-1,100.07,3
130.86680972767329,BID,1,100.07,3
131.52864546526283,ASK,-1,100.07,1
131.5616054932108,ASK,-1,100.07,3
131.6720992969419,BID,1,100.06,1
131.6720992969419,ASK,-1,100.08,2
131.71315106356047,BID,1,100.07,3
131.73461275602145,BID,1,100.08,2
131.79976580950822,ASK,-1,100.08,3
131.81828968149972,BID,1,100.08,1
131.89428562439792,ASK,-1,100.08,2
131.98009932329936,BID,1,100.07,3
132.07835612652767,ASK,-1,100.08,3
132.3206762173411,BID,1,100.07,3
132.41261162314925,BID,1,100.06,3
132.42810600844666,ASK,-1,100.07,3
132.42810600844666,BID,1,100.06,3
132.53442958738967,ASK,-1,100.07,1
132.61654780923854,ASK,-1,100.07,1
132.8566750352307,ASK,-1,100.07,3
132.8566750352307,BID,1,100.06,3
132.99289971678257,ASK,-1,100.07,2
133.02204422131874,BID,1,100.05,3
133.06353379891092,ASK,-1,100.06,3
133.06353379891092,BID,1,100.05,3
133.07337070002347,ASK,-1,100.07,3
133.07337070002347,BID,1,100.05,3
133.1243030453196,ASK,-1,100.06,1
133.1837825837418,BID,1,100.05,3
133.41711712422511,ASK,-1,100.05,3
133.52994248277224,ASK,-1,100.06,1
133.52994248277224,BID,1,100.04,1
133.5346307982491,BID,1,100.04,3
133.57012384230322,ASK,-1,100.05,3
133.58006100496226,ASK,-1,100.06,3
133.59875132193096,ASK,-1,100.06,3
133.59875132193096,BID,1,100.05,3
133.6369586744446,BID,1,100.04,3
133.68185057743224,BID,1,100.04,3
133.71527561607118,ASK,-1,100.05,2
133.8658055325694,ASK,-1,100.05,3
133.8741654522647,BID,1,100.04,3
133.9171198991652,ASK,-1,100.05,3
133.989230261407,ASK,-1,100.06,1
133.989230261407,BID,1,100.04,3
134.15485861118427,BID,1,100.04,3
134.40364510859493,ASK,-1,100.04,1
134.5585873728972,ASK,-1,100.04,1
135.06180741946613,ASK,-1,100.04,1
135.9847626792221,ASK,-1,100.04,3
135.9847626792221,BID,1,100.03,3
136.56476429381144,BID,1,100.02,2
136.56650824436548,BID,1,100.02,1
136.69461530778952,ASK,-1,100.02,2
136.74674497265076,ASK,-1,100.03,2
137.06799358222293,ASK,-1,100.03,3
137.31628586977382,BID,1,100.02,3
137.31628586977382,ASK,-1,100.02,2
137.32574168087731,ASK,-1,100.02,1
137.3517138014767,BID,1,100.02,3
137.36789810435997,ASK,-1,100.03,2
137.45097405925299,BID,1,100.02,3
137.5111203517332,BID,1,100.02,1
137.5852058261671,ASK,-1,100.03,3
137.72311066405283,BID,1,100.02,2
137.82152370988038,ASK,-1,100.03,1
137.97751645701123,ASK,-1,100.03,3
138.09052969514102,BID,1,100.02,3
138.09052969514102,ASK,-1,100.03,3
138.17103451841453,BID,1,100.03,1
138.44391348666247,ASK,-1,100.05,2
138.66875764663178,BID,1,100.05,2
138.94811994478758,BID,1,100.04,3
139.01682552085762,ASK,-1,100.05,3
139.0252694820088,BID,1,100.04,3
139.1000500364662,BID,1,100.03,3
139.1321017989797,ASK,-1,100.04,3
139.1321017989797,BID,1,100.03,3
139.14922803513772,ASK,-1,100.05,1
139.16067646581894,BID,1,100.02,3
139.2504966525557,ASK,-1,100.03,3
139.3263042499704,ASK,-1,100.04,3
139.36027446440488,BID,1,100.02,3
139.38561211040388,ASK,-1,100.03,3
139.38848696004501,ASK,-1,100.03,3
139.4468535013396,ASK,-1,100.04,1
139.4468535013396,BID,1,100.04,3
139.5316817335615,BID,1,100.03,3
139.5316817335615,ASK,-1,100.04,3
139.69448183016794,BID,1,100.03,3
139.83557119999037,ASK,-1,100.04,3
139.90763709732946,ASK,-1,100.05,3
139.92139432109144,BID,1,100.04,2
140.06926635955412,BID,1,100.03,3
140.10651297625162,ASK,-1,100.04,2
140.14406154527026,ASK,-1,100.04,3
140.2262633267036,BID,1,100.03,2
140.2818626207733,BID,1,100.03,3
140.2818626207733,ASK,-1,100.04,3
140.59093033074535,BID,1,100.03,3
140.63389746619032,ASK,-1,100.04,3
140.7016728599877,BID,1,100.03,2
140.71015434313674,ASK,-1,100.04,3
140.99012250677526,BID,1,100.03,1
141.01739803261904,ASK,-1,100.05,2
141.01739803261904,BID,1,100.04,3
141.0797988740209,ASK,-1,100.05,2
141.14138538272772,ASK,-1,100.05,3
141.14138538272772,BID,1,100.04,3
141.17802410038456,BID,1,100.04,3
141.29860649944172,BID,1,100.03,3
141.29860649944172,ASK,-1,100.03,2
141.34156026044667,ASK,-1,100.05,3
141.40810453911485,ASK,-1,100.05,3
141.5824820123725,BID,1,100.05,3
141.7118170516712,BID,1,100.04,2
141.87156771138507,ASK,-1,100.05,3
141.87156771138507,BID,1,100.04,3
142.0073810845837,ASK,-1,100.05,3
142.0073810845837,BID,1,100.04,3
142.12873924656137,ASK,-1,100.05,3
142.12873924656137,BID,1,100.04,3
142.25542165517916,BID,1,100.03,3
142.27655634519715,ASK,-1,100.03,3
142.3490037991592,BID,1,100.03,3
142.49330319948245,ASK,-1,100.03,2
142.89533700870388,BID,1,100.02,2
142.9098604865351,ASK,-1,100.03,1
143.0643691525053,ASK,-1,100.03,3
143.08002395961938,BID,1,100.02,3
143.3149483765973,ASK,-1,100.02,2
143.3359242098175,ASK,-1,100.03,2
143.3359242098175,BID,1,100.02,3
143.48618916714616,ASK,-1,100.02,2
144.10002712803862,ASK,-1,100.02,1
144.10438516132461,BID,1,100.01,1
144.55727930515707,ASK,-1,100.02,2
144.55727930515707,BID,1,100.01,3
144.8051321087115,ASK,-1,100.02,3
144.8051321087115,BID,1,100.01,3
144.8748720985666,BID,1,100.0,3
145.06891589234053,ASK,-1,100.01,1
145.27283851236803,ASK,-1,100.0,1
145.76661854674057,ASK,-1,100.0,3
145.7707690367432,BID,1,99.99,3
145.8922890270144,BID,1,99.98,3
145.97714098670752,ASK,-1,99.99,1
146.10113122872494,ASK,-1,99.99,3
146.10113122872494,BID,1,99.98,3
146.12442398033284,ASK,-1,100.0,3
146.12442398033284,BID,1,99.98,3
146.26768469528096,ASK,-1,99.99,3
146.26768469528096,ASK,-1,99.99,3
146.28535868607202,BID,1,99.98,3
146.28535868607202,ASK,-1,99.99,3
146.299043581468,BID,1,99.98,2
146.30934676739392,BID,1,99.98,1
146.30934676739392,ASK,-1,99.99,3
146.52745418914014,BID,1,99.98,1
146.52745418914014,BID,1,99.98,3
146.56372047599407,ASK,-1,99.99,3
146.56372047599407,BID,1,99.98,3
146.94584654106566,ASK,-1,99.99,1
147.40006756040518,ASK,-1,99.99,3
147.5018472196504,BID,1,99.98,3
147.5751087886547,ASK,-1,99.99,3
147.72983887961036,BID,1,99.98,1
147.8374380742847,BID,1,99.98,2
147.8374380742847,ASK,-1,99.99,3
147.87023014635747,BID,1,99.98,3
147.93623253293603,ASK,-1,99.99,1
147.95496603278252,BID,1,99.98,1
147.95496603278252,ASK,-1,99.99,3
148.38552620888905,ASK,-1,100.0,3
148.6468493215495,BID,1,100.0,2
148.8090654524529,BID,1,100.01,2
149.02141808635318,ASK,-1,100.02,3
149.5192811954153,BID,1,100.02,3
149.7028815998093,BID,1,100.02,1
149.81012461447736,BID,1,100.02,1
149.82981733704761,ASK,-1,100.03,3
149.86171368260278,ASK,-1,100.04,3
149.8666325176012,BID,1,100.04,3
149.87202224305457,BID,1,100.02,3
149.87202224305457,ASK,-1,100.03,3
149.90969747306787,BID,1,100.02,1
149.92654566311015,ASK,-1,100.04,3
149.942166024708,ASK,-1,100.05,1
150.22239030131288,BID,1,100.05,3
150.53665314721601,ASK,-1,100.06,3
150.82101159821954,BID,1,100.07,2
150.9084756962873,BID,1,100.07,3
151.5158087275636,ASK,-1,100.08,3
151.71557773701187,BID,1,100.08,1
151.81137054155508,BID,1,100.07,3
151.8181045231902,ASK,-1,100.08,3
152.43022043379716,BID,1,100.09,3
152.43578410354743,BID,1,100.08,1
152.47403273396475,BID,1,100.08,3
152.58213158469766,ASK,-1,100.09,3
152.62602293122225,ASK,-1,100.1,1
152.66668058857275,BID,1,100.08,3
152.66668058857275,ASK,-1,100.09,3
152.9723039967218,ASK,-1,100.09,3
153.0569409390533,ASK,-1,100.1,3
153.08791810873186,BID,1,100.1,3
153.1668603989525,BID,1,100.08,3
153.28638926506304,BID,1,100.08,3
153.41510926324202,ASK,-1,100.09,3
153.47863700889314,ASK,-1,100.09,2
153.47863700889314,BID,1,100.08,3
153.552360384066,ASK,-1,100.09,3
153.56060939157882,BID,1,100.08,3
153.60624961004223,ASK,-1,100.09,3
153.61310626442202,BID,1,100.08,1
153.78924876496106,BID,1,100.07,1
153.81423450216687,BID,1,100.07,2
154.0459322991529,ASK,-1,100.07,3
154.0529777829816,ASK,-1,100.08,1
154.11728455852764,BID,1,100.08,3
154.16555016861034,BID,1,100.07,3
154.29366742365846,ASK,-1,100.08,3
154.29366742365846,BID,1,100.07,3
154.30135608713886,ASK,-1,100.09,2
154.3021105735382,ASK,-1,100.08,3
154.31756581799274,BID,1,100.07,3
154.7023773752831,ASK,-1,100.07,2
154.97760532481422,ASK,-1,100.08,2
154.97760532481422,BID,1,100.07,3
154.98350675048292,ASK,-1,100.08,3
155.07709615629398,BID,1,100.07,3
155.07709615629398,ASK,-1,100.08,3
155.08800046562027,BID,1,100.07,3
155.08800046562027,ASK,-1,100.08,3
155.43573475213756,BID,1,100.07,1
155.43573475213756,ASK,-1,100.08,3
155.55035581986155,BID,1,100.07,3
155.64964656168047,ASK,-1,100.08,3
155.84251327056433,BID,1,100.07,3
155.945298603568,ASK,-1,100.08,2
155.945298603568,BID,1,100.07,3
156.08433040074718,ASK,-1,100.08,1
156.21342062556147,ASK,-1,100.08,3
156.35669695666851,BID,1,100.07,3
156.42885765588497,ASK,-1,100.08,3
156.5238510650089,BID,1,100.08,3
156.58105525925325,BID,1,100.07,3
156.58105525925325,ASK,-1,100.08,3
156.600666981724,ASK,-1,100.08,3
156.62509977069558,ASK,-1,100.09,3
156.6476011660157,BID,1,100.07,3
157.43656519417095,BID,1,100.09,2
157.70702297249187,ASK,-1,100.1,2
157.72949222426436,ASK,-1,100.1,1
157.8040625731734,BID,1,100.1,2
158.44447721882426,ASK,-1,100.11,3
158.55000006257188,BID,1,100.1,3
158.61590007663145,BID,1,100.1,3
158.61590007663145,ASK,-1,100.11,3
158.7533231468409,BID,1,100.1,3
158.77044517091264,ASK,-1,100.11,3
159.10230450645545,BID,1,100.1,3
159.10230450645545,ASK,-1,100.11,3
159.4605126952207,BID,1,100.1,3
159.54025794337284,ASK,-1,100.11,3
159.54025794337284,BID,1,100.11,1
159.5523748186199,BID,1,100.1,3
159.6691938131067,ASK,-1,100.11,2
159.6691938131067,BID,1,100.1,3
159.78803900089042,ASK,-1,100.11,3
159.8313823836038,BID,1,100.1,3
159.86039477527166,ASK,-1,100.11,1
160.080376255172,ASK,-1,100.11,2
160.080376255172,BID,1,100.1,3
160.0934768985361,ASK,-1,100.11,3
160.1055610753999,BID,1,100.1,3
160.21618576468737,ASK,-1,100.11,3
160.21618576468737,BID,1,100.1,3
160.32395578396427,ASK,-1,100.11,1
160.8287747487046,ASK,-1,100.11,3
160.85501246811228,BID,1,100.1,3
160.85501246811228,ASK,-1,100.11,3
161.005374415123,BID,1,100.1,3
161.005374415123,ASK,-1,100.11,3
161.07703437853658,BID,1,100.1,1
161.2269908661824,BID,1,100.1,2
161.3102502907758,ASK,-1,100.11,3
161.87546750387946,BID,1,100.1,1
161.89722145835793,BID,1,100.1,3
161.90020654636257,ASK,-1,100.11,3
162.09509324699928,ASK,-1,100.12,3
162.11943889363218,BID,1,100.11,2
162.22748154263286,BID,1,100.11,2
162.28103540048187,ASK,-1,100.12,3
163.0842833802682,BID,1,100.11,3
163.30790985275178,ASK,-1,100.12,2
163.36471948010066,BID,1,100.11,3
163.44003916844073,ASK,-1,100.12,3
163.44003916844073,BID,1,100.11,3
163.4790185539135,ASK,-1,100.12,1
163.61745396070097,ASK,-1,100.12,1
163.61745396070097,BID,1,100.1,3
163.66324310533076,ASK,-1,100.11,3
163.66324310533076,BID,1,100.1,3
163.8804132123295,ASK,-1,100.11,3
163.8804132123295,BID,1,100.1,3
164.23528700328157,ASK,-1,100.1,2
165.36903182109447,ASK,-1,100.11,2
165.37873414179236,ASK,-1,100.11,1
165.4032637174626,BID,1,100.1,1
165.53008887260756,BID,1,100.1,3
166.4909783804077,ASK,-1,100.1,3
166.4909783804077,BID,1,100.09,3
166.63106889763407,ASK,-1,100.1,1
166.6628649222254,ASK,-1,100.1,3
166.72608749711785,BID,1,100.09,1
166.72608749711785,BID,1,100.09,3
166.8187310994368,BID,1,100.08,3
166.86400981745555,ASK,-1,100.09,2
166.87305071132474,ASK,-1,100.09,1
166.87305071132474,BID,1,100.08,3
166.90502528968491,ASK,-1,100.09,3
166.90502528968491,BID,1,100.08,3
166.93096514144597,ASK,-1,100.09,3
166.93096514144597,BID,1,100.08,3
166.97640619502718,ASK,-1,100.08,3
167.07313789754286,ASK,-1,100.09,2
167.6043110705351,BID,1,100.07,3
167.6862061161453,ASK,-1,100.08,3
167.69553623267842,BID,1,100.08,3
168.11308344544554,ASK,-1,100.07,2
170.1837278012525,BID,1,100.06,1
170.36740446588922,ASK,-1,100.07,2
170.65685445836877,ASK,-1,100.08,3
170.7029737841048,ASK,-1,100.08,2
170.76830078796056,BID,1,100.08,1
170.87623117838646,BID,1,100.07,1
170.9384048724176,BID,1,100.07,3
170.96528903106244,ASK,-1,100.08,2
171.0380197690556,BID,1,100.07,3
171.0380197690556,ASK,-1,100.08,3
171.2761061262557,BID,1,100.07,3
171.29331956352812,ASK,-1,100.08,3
171.3218625464543,BID,1,100.07,3
171.3218625464543,ASK,-1,100.07,1
171.39162980660348,ASK,-1,100.08,3
171.5508194690283,BID,1,100.08,2
171.68866232943748,ASK,-1,100.09,2
171.6987622262513,BID,1,100.08,1
171.6987622262513,BID,1,100.08,3
171.71656911208606,ASK,-1,100.09,2
171.71656911208606,BID,1,100.08,3
171.72776757181322,BID,1,100.07,3
171.87281542199202,ASK,-1,100.08,1
171.88825485207113,BID,1,100.06,1
171.9462606653666,ASK,-1,100.07,2
172.18391822279457,ASK,-1,100.07,3
172.24329527239928,BID,1,100.06,3
172.42896441008554,ASK,-1,100.06,2
172.60575981974713,ASK,-1,100.07,2
172.62432618442176,ASK,-1,100.08,3
172.67687584476334,BID,1,100.07,3
172.73468993516119,ASK,-1,100.08,2
172.81355419112163,BID,1,100.07,3
172.82992819893462,ASK,-1,100.08,3
172.8709733147519,ASK,-1,100.09,3
173.04315145401878,BID,1,100.09,1
173.07380588728157,BID,1,100.09,2
173.1110373025943,BID,1,100.09,3
173.15776358220384,BID,1,100.08,3
173.59541926314205,ASK,-1,100.07,2
173.80882502207749,ASK,-1,100.07,2
173.8340582375641,BID,1,100.06,2
173.83957747685076,ASK,-1,100.07,3
173.89144519687093,BID,1,100.06,3
173.95958581155926,ASK,-1,100.07,3
174.09612115712125,BID,1,100.06,3
174.13188194311383,ASK,-1,100.07,1
175.01279151134057,BID,1,100.05,3
175.37186163261973,ASK,-1,100.05,1
175.96374589366008,BID,1,100.04,1
176.30105341320657,ASK,-1,100.04,3
176.32300878151983,ASK,-1,100.05,1
176.40994921572488,BID,1,100.04,3
176.71606436864417,ASK,-1,100.05,3
176.71606436864417,BID,1,100.04,3
176.98776233051774,ASK,-1,100.05,1
176.98860906295437,ASK,-1,100.05,2
176.98860906295437,BID,1,100.04,3
177.0169492264857,ASK,-1,100.05,3
177.0169492264857,BID,1,100.04,3
177.4276504482338,ASK,-1,100.05,3
177.4359259200486,BID,1,100.04,2
177.58011902931187,ASK,-1,100.05,2
177.58011902931187,BID,1,100.04,3
177.6123317984432,ASK,-1,100.05,3
177.6123317984432,BID,1,100.05,3
177.71367414961932,ASK,-1,100.05,1
177.81017846715147,ASK,-1,100.05,3
177.81703025968366,BID,1,100.05,3
177.95071543744783,ASK,-1,100.05,1
178.07616590101216,BID,1,100.04,3
178.21391292145967,ASK,-1,100.05,3
178.21391292145967,BID,1,100.04,3
178.37972805977114,ASK,-1,100.05,1
178.44785609966885,ASK,-1,100.05,2
178.44785609966885,BID,1,100.04,3
178.48628840689864,BID,1,100.03,1
179.13350402828385,ASK,-1,100.03,3
179.59539382033188,BID,1,100.02,3
179.92590025332282,ASK,-1,100.02,3
179.9381874151742,ASK,-1,100.03,3
179.9673496701971,ASK,-1,100.04,2
180.06404672803112,BID,1,100.04,3
180.25236914349026,BID,1,100.03,1
180.27876349353988,BID,1,100.03,3
180.27876349353988,ASK,-1,100.04,3
180.37575822443074,BID,1,100.02,2
180.37575822443074,ASK,-1,100.04,3
180.38739336421477,BID,1,100.02,1
180.43073006469896,ASK,-1,100.04,3
180.47209919928477,ASK,-1,100.05,1
180.52047181899462,BID,1,100.03,1
180.60136160200082,BID,1,100.04,3
180.66257718090435,BID,1,100.03,3
180.66257718090435,ASK,-1,100.04,3
180.68898326787584,BID,1,100.03,3
180.68898326787584,ASK,-1,100.04,3
180.82439318338535,BID,1,100.03,3
180.82439318338535,ASK,-1,100.04,3
180.89022404138277,ASK,-1,100.04,3
180.95933208280906,ASK,-1,100.05,3
180.95933208280906,BID,1,100.04,3
180.96278613139322,BID,1,100.04,3
180.98252969147268,ASK,-1,100.05,1
181.17341619545357,BID,1,100.03,3
181.17341619545357,BID,1,100.03,3
181.31677657676298,BID,1,100.02,1
181.59231375939876,ASK,-1,100.02,2
182.03344152285376,ASK,-1,100.02,2
182.0502294332738,ASK,-1,100.02,3
182.15967500958584,ASK,-1,100.03,3
182.22949493826908,BID,1,100.03,3
182.23635435071643,BID,1,100.02,3
182.28252664931154,BID,1,100.01,2
182.44453403073072,ASK,-1,100.02,3
182.46459114472583,BID,1,100.01,1
182.46459114472583,BID,1,100.01,3
182.68231805382564,ASK,-1,100.02,3
182.68231805382564,BID,1,100.02,3
182.91968346841662,ASK,-1,100.01,3
183.06672201684754,BID,1,100.0,3
183.20967140228902,ASK,-1,100.0,3
183.28261482959437,BID,1,99.99,3
183.36227836001922,BID,1,99.98,3
183.49066881671138,ASK,-1,99.98,3
183.5871330915854,ASK,-1,99.98,1
183.823545277328,ASK,-1,99.98,3
183.90046889453555,BID,1,99.98,3
184.132463630584,ASK,-1,99.99,3
184.28043262562778,BID,1,99.97,2
184.2835871762615,ASK,-1,99.98,1
184.2993241560305,BID,1,99.97,3
184.36740649743356,ASK,-1,99.97,2
184.40089298884396,ASK,-1,99.97,3
184.40347686405264,ASK,-1,99.98,3
184.74785331991512,BID,1,99.97,1
184.8120378621308,BID,1,99.97,3
184.98526071715614,BID,1,99.97,1
185.05624064006992,ASK,-1,99.99,2
185.0852507093641,BID,1,99.97,3
185.25716954190122,ASK,-1,99.98,1
185.25716954190122,BID,1,99.97,3
185.34522770608905,ASK,-1,99.98,3
185.5559340646423,BID,1,99.96,3
185.96349368913909,ASK,-1,99.95,3
186.144227559876,ASK,-1,99.96,2
186.1606423980685,BID,1,99.96,3
186.23617665918945,ASK,-1,99.97,1
186.2398538322218,ASK,-1,99.97,1
186.28316673168897,BID,1,99.95,2
186.42101224945282,ASK,-1,99.96,3
186.4961286405101,ASK,-1,99.96,2
186.53183544860426,BID,1,99.95,3
186.62099746095396,ASK,-1,99.95,2
186.64334235948795,ASK,-1,99.95,1
186.64334235948795,ASK,-1,99.96,3
186.69550564301767,BID,1,99.96,3
186.72455091416617,BID,1,99.95,2
186.72455091416617,ASK,-1,99.96,3
186.77382095466717,BID,1,99.95,3
186.83668802165715,ASK,-1,99.96,1
186.83668802165715,BID,1,99.95,3
187.19152606741477,ASK,-1,99.95,2
188.26006138421528,ASK,-1,99.95,3
188.39882298568614,BID,1,99.95,2
188.4617120426948,BID,1,99.95,2
188.46202059391013,ASK,-1,99.96,3
188.53074960729873,BID,1,99.95,3
188.53074960729873,ASK,-1,99.96,3
188.56208121549426,ASK,-1,99.96,3
188.8256838119256,BID,1,99.96,2
188.83312772545585,BID,1,99.95,3
188.87603422483326,ASK,-1,99.96,3
189.26325119555358,BID,1,99.97,1
189.62498596075818,BID,1,99.96,3
189.63993002144113,ASK,-1,99.96,3
189.64756012317267,BID,1,99.96,1
189.84740771125428,BID,1,99.96,3
190.0007860132988,BID,1,99.95,3
190.11921943258272,ASK,-1,99.96,1
190.11921943258272,ASK,-1,99.96,3
190.1701783325886,ASK,-1,99.96,3
190.1761750337952,ASK,-1,99.97,1
190.2036674242587,ASK,-1,99.98,2
190.272438924906,BID,1,99.96,3
190.272438924906,ASK,-1,99.98,3
190.31338556988,BID,1,99.96,3
190.31338556988,ASK,-1,99.98,3
190.46493451154296,BID,1,99.96,2
190.4978731225311,ASK,-1,99.98,3
190.52967516780825,BID,1,99.96,3
190.61574595095507,BID,1,99.97,1
190.64279842000607,BID,1,99.97,1
190.85286442229176,BID,1,99.97,3
190.85286442229176,ASK,-1,99.98,3
191.2608920042961,BID,1,99.97,3
191.2708278173408,ASK,-1,99.98,3
191.35285591553378,BID,1,99.97,3
191.39208657861846,ASK,-1,99.98,3
191.90411289837806,BID,1,99.97,3
192.8102209447415,ASK,-1,99.98,3
192.8578167066105,BID,1,99.97,3
192.8578167066105,ASK,-1,99.98,3
192.97624897978463,BID,1,99.97,2
193.4666715849099,ASK,-1,99.98,1
193.83333651036259,ASK,-1,99.98,3
194.18994181984175,BID,1,99.98,1
194.483620614859,ASK,-1,99.99,3
194.5133478106313,BID,1,99.98,3
194.55148084606353,BID,1,99.98,2
194.67493030968518,BID,1,99.98,2
194.8568555144103,ASK,-1,99.99,3
194.97118686522617,BID,1,99.98,2
195.02138396557942,ASK,-1,99.99,3
195.1172763604898,BID,1,99.98,2
195.1709789561176,BID,1,99.98,2
195.20287531399566,ASK,-1,99.99,3
195.252557301509,BID,1,99.98,3
195.252557301509,ASK,-1,99.99,3
195.40181795322374,BID,1,99.98,3
195.50360593761255,ASK,-1,99.99,3
195.6124180043155,BID,1,99.98,2
195.71138649842447,ASK,-1,99.99,3
195.9897033647688,BID,1,99.98,2
196.06432158718533,BID,1,99.98,3
196.0829511352855,ASK,-1,99.99,2
196.1172600414263,ASK,-1,99.99,3
196.13980276716134,BID,1,99.98,2
196.58292195914782,ASK,-1,100.0,2
196.68413060803934,BID,1,99.99,3
197.11248002493943,ASK,-1,100.0,1
197.24108567594888,ASK,-1,100.0,3
197.3845457473761,BID,1,99.99,3
197.47160381136138,ASK,-1,100.0,2
197.78250410685376,BID,1,99.99,1
197.8202946270401,BID,1,99.99,3
197.8202946270401,ASK,-1,100.0,3
198.29099776871075,BID,1,100.0,2
198.39724969649467,ASK,-1,100.01,3
198.63187133306747,BID,1,100.0,3
198.87851574081742,BID,1,99.99,1
198.88345444526882,BID,1,99.99,3
198.95567950139392,ASK,-1,100.0,1
198.9820559542538,ASK,-1,99.99,2
199.13875675535076,BID,1,99.98,1
199.36234691757892,ASK,-1,99.99,2
199.60778432592227,ASK,-1,99.99,3
199.60778432592227,BID,1,99.99,3
199.81625255817417,ASK,-1,99.99,2
199.94460835136462,BID,1,99.98,3
199.94460835136462,ASK,-1,99.99,3
200.05179725714697,BID,1,99.98,2
200.05179725714697,ASK,-1,99.99,3
200.1990343780732,BID,1,99.98,1
200.35459773082385,BID,1,99.98,3
200.35459773082385,ASK,-1,99.99,3
200.43208367935134,ASK,-1,100.0,3
200.74653097589874,BID,1,100.01,3
200.9987496311198,BID,1,100.0,2
200.9987496311198,ASK,-1,100.01,3
201.11630805802983,BID,1,100.0,2
201.34875310376293,BID,1,99.99,3
201.9456929458487,ASK,-1,99.99,3
202.37472072542377,BID,1,99.98,1
202.42473766515369,ASK,-1,99.99,3
202.42905511749953,BID,1,99.98,3
202.57249829471846,ASK,-1,99.99,3
202.58409737512866,BID,1,99.99,2
202.67041765194134,BID,1,99.98,3
202.75352827370142,ASK,-1,99.99,2
202.78819326894694,ASK,-1,99.99,2
202.78819326894694,BID,1,99.98,3
202.83018468906926,ASK,-1,99.99,1
203.39713201103075,BID,1,99.97,2
203.46985112097516,ASK,-1,99.97,3
203.8682532072941,BID,1,99.96,2
204.04872503833639,ASK,-1,99.97,2
204.04872503833639,BID,1,99.96,3
204.53001674265704,ASK,-1,99.96,3
204.6062005897135,ASK,-1,99.96,1
204.66273205114024,BID,1,99.95,3
204.77702908692478,ASK,-1,99.96,1
204.81698659803246,BID,1,99.94,1
204.84648663889718,ASK,-1,99.96,1
204.84648663889718,BID,1,99.94,3
204.8632981345776,ASK,-1,99.95,3
204.91360294519953,ASK,-1,99.95,3
204.97320076162492,ASK,-1,99.96,1
204.97320076162492,BID,1,99.95,3
205.0552301437976,BID,1,99.94,3
205.15072040943016,ASK,-1,99.94,3
205.21316660348955,BID,1,99.93,1
205.2582445735034,ASK,-1,99.94,1
205.26405772710262,ASK,-1,99.94,1
205.31083922994702,BID,1,99.93,1
205.31327184517835,ASK,-1,99.94,1
205.38927327878397,BID,1,99.93,3
205.6291885499861,BID,1,99.92,3
206.11095191581492,ASK,-1,99.91,1
206.2012422125654,ASK,-1,99.91,1
206.307478490786,ASK,-1,99.91,2
207.14708786060382,ASK,-1,99.92,3
207.1635272199067,BID,1,99.91,3
207.28642843803988,ASK,-1,99.91,2
207.28642843803988,BID,1,99.91,3
207.32448625398158,ASK,-1,99.92,3
207.33963573965195,BID,1,99.91,3
207.36505621925892,ASK,-1,99.92,2
207.48369002335585,BID,1,99.9,2
207.48452595618878,ASK,-1,99.92,1
207.56132250841034,ASK,-1,99.92,3
207.56132250841034,BID,1,99.91,3
207.6359572308579,ASK,-1,99.92,3
208.04878045251056,BID,1,99.92,3
208.04878045251056,ASK,-1,99.93,3
208.51042834497204,BID,1,99.92,2
209.67629738297185,ASK,-1,99.94,1
209.74296639640292,ASK,-1,99.94,3
209.94865008639812,BID,1,99.94,2
210.27762020267747,BID,1,99.93,3
210.30108774061412,ASK,-1,99.94,3
210.3098617763473,BID,1,99.93,3
210.59697904174655,ASK,-1,99.94,3
210.59697904174655,BID,1,99.92,3
210.60520613126917,BID,1,99.92,3
210.68491876529885,ASK,-1,99.93,1
210.80886489017433,ASK,-1,99.93,1
210.95264391730174,ASK,-1,99.93,1
210.98000190970598,ASK,-1,99.93,3
211.01652539510968,BID,1,99.92,3
211.02992111863293,BID,1,99.92,3
211.36492669080766,ASK,-1,99.93,2
211.486194081178,ASK,-1,99.93,3
211.52857327527715,BID,1,99.92,3
211.61744190690806,ASK,-1,99.93,2
211.89544745746096,BID,1,99.91,1
211.94926645437036,BID,1,99.91,3
212.0805776627216,ASK,-1,99.93,2
212.0805776627216,BID,1,99.91,3
212.10967365668475,ASK,-1,99.92,3
212.12158417356576,ASK,-1,99.92,3
212.55047121344398,BID,1,99.92,3
212.60976450664236,ASK,-1,99.93,2
212.6183462476915,BID,1,99.91,2
212.64542721533437,BID,1,99.91,3
212.7402477680769,ASK,-1,99.91,2
212.81615960489688,ASK,-1,99.91,2
213.3826606820858,ASK,-1,99.92,1
214.83857556918676,ASK,-1,99.93,1
214.84900714872316,ASK,-1,99.93,2
214.84900714872316,BID,1,99.92,3
215.24539056880224,ASK,-1,99.93,1
215.25063750771122,ASK,-1,99.93,2
215.68462669859653,BID,1,99.92,1
216.04330798007234,BID,1,99.92,2
216.63739508516568,ASK,-1,99.94,1
216.78763172522707,BID,1,99.93,2
216.9990337032331,ASK,-1,99.94,3
217.05376958320264,BID,1,99.93,3
217.127632181624,ASK,-1,99.94,3
217.127632181624,BID,1,99.93,3
217.61724504011517,BID,1,99.92,3
217.78438165798823,ASK,-1,99.92,3
217.88118176864546,ASK,-1,99.93,3
217.93347292475642,BID,1,99.92,3
218.04389618377166,ASK,-1,99.93,3
218.1037776163094,BID,1,99.92,2
218.1173955529348,ASK,-1,99.94,2
218.1510157323855,ASK,-1,99.94,1
218.18087003686244,BID,1,99.93,3
218.2282679148192,BID,1,99.92,1
218.3380430671362,BID,1,99.92,1
218.3380430671362,BID,1,99.92,3
218.56501977970206,ASK,-1,99.92,1
218.70599721000843,ASK,-1,99.93,3
219.26339700237784,ASK,-1,99.93,3
220.1777516484248,BID,1,99.92,2
220.8428501177836,ASK,-1,99.94,1
220.95960841866014,ASK,-1,99.94,1
221.00681702716983,BID,1,99.92,3
221.1023342105917,BID,1,99.92,3
221.1023342105917,ASK,-1,99.93,3
221.13922535390643,ASK,-1,99.94,1
221.2842612723415,BID,1,99.92,3
221.28583575117628,BID,1,99.91,2
221.28583575117628,ASK,-1,99.93,3
221.32912312755528,ASK,-1,99.93,1
221.33089049354456,ASK,-1,99.93,3
221.35882250603308,ASK,-1,99.94,1
221.46049376921331,BID,1,99.94,3
221.89563471372463,ASK,-1,99.94,3
222.12178495338952,BID,1,99.94,1
222.38077220364858,BID,1,99.94,3
222.38077220364858,ASK,-1,99.95,3
222.39606407430765,BID,1,99.94,1
222.6039416547972,BID,1,99.94,2
222.8478291187362,ASK,-1,99.95,3
222.8478291187362,BID,1,99.95,3
222.99497240318843,ASK,-1,99.94,2
222.99716441770607,BID,1,99.93,1
223.526488664659,ASK,-1,99.94,1
223.74436471382592,ASK,-1,99.95,1
223.85048782395853,BID,1,99.94,3
223.902269608056,BID,1,99.93,3
223.93807257152852,ASK,-1,99.94,3
223.96019642339272,ASK,-1,99.95,2
224.04241053356523,BID,1,99.94,1
225.35340055648638,BID,1,99.93,1
225.38695959073726,ASK,-1,99.95,2
225.46817285901247,BID,1,99.94,3
225.61820536327747,BID,1,99.93,3
225.62897080569846,ASK,-1,99.94,3
225.63479352686457,ASK,-1,99.95,3
225.68197364749616,ASK,-1,99.95,3
225.8656877072789,BID,1,99.94,3
226.014397059619,ASK,-1,99.95,3
226.15662183894085,BID,1,99.94,3
226.17348156043292,BID,1,99.93,2
226.17972296766675,ASK,-1,99.95,3
226.20287737706533,BID,1,99.93,2
226.3013763784328,ASK,-1,99.94,3
226.32305535141987,ASK,-1,99.95,2
226.65331529456998,ASK,-1,99.96,3
226.95607348630642,BID,1,99.96,3
227.09791686546487,BID,1,99.96,1
227.51142013634254,BID,1,99.96,3
227.5507513506651,BID,1,99.96,3
228.40417666833196,ASK,-1,99.97,2
228.40465354463194,BID,1,99.96,3
228.44177704386098,ASK,-1,99.97,3
228.56555762137,BID,1,99.96,3
228.5803974271537,ASK,-1,99.97,3
228.65651280060467,BID,1,99.96,3
228.68314039957227,BID,1,99.95,1
228.68954374166924,ASK,-1,99.96,3
228.81672074868365,ASK,-1,99.96,3
228.9025705187439,BID,1,99.95,3
228.90958719468546,ASK,-1,99.96,3
229.46534954446616,BID,1,99.95,1
229.88141107610812,BID,1,99.96,3
229.98989978499765,ASK,-1,99.97,3
230.03285188454362,BID,1,99.96,3
230.03285188454362,ASK,-1,99.96,3
230.1163926049843,BID,1,99.96,1
230.15950595404965,BID,1,99.96,3
230.20632277327152,ASK,-1,99.95,3
230.25801303306523,ASK,-1,99.96,3
230.28308930738172,BID,1,99.96,3
230.28308930738172,BID,1,99.96,3
230.32117727131427,ASK,-1,99.96,3
230.37829285126605,BID,1,99.95,1
230.38366751181312,ASK,-1,99.97,2
230.38366751181312,BID,1,99.95,3
230.40329306941922,ASK,-1,99.97,3
230.4210044734042,ASK,-1,99.97,3
230.4284382076039,BID,1,99.96,3
230.45812121411439,BID,1,99.95,3
230.62853812074948,ASK,-1,99.96,2
230.63461722546361,ASK,-1,99.96,3
230.65114871784385,ASK,-1,99.97,3
230.65114871784385,BID,1,99.96,3
230.66981222374628,BID,1,99.96,3
230.820556293397,ASK,-1,99.96,3
230.8843971600912,BID,1,99.96,2
230.97548082506637,BID,1,99.95,3
231.1875726890812,ASK,-1,99.96,2
231.29231569831106,ASK,-1,99.96,1
231.29231569831106,BID,1,99.95,3
231.3697328793872,ASK,-1,99.96,3
231.40546393049092,BID,1,99.95,2
231.55429354212242,ASK,-1,99.96,3
232.71734485762568,BID,1,99.95,2
232.72417955038748,ASK,-1,99.96,3
232.77710322199908,BID,1,99.95,1
232.82740226433904,BID,1,99.95,3
232.83059459453958,ASK,-1,99.96,3
232.9166818485057,BID,1,99.95,3
232.9166818485057,ASK,-1,99.96,3
232.95389025139337,BID,1,99.95,3
232.95997778882622,ASK,-1,99.95,1
232.95997778882622,ASK,-1,99.96,3
232.98779776453608,BID,1,99.95,3
233.06817036192078,ASK,-1,99.96,3
233.17598424113768,BID,1,99.95,3
233.21623302378026,ASK,-1,99.96,3
233.23133971056237,BID,1,99.96,1
233.48562383898874,BID,1,99.95,1
233.54207274790662,ASK,-1,99.97,1
233.54207274790662,BID,1,99.95,3
233.60913758686192,BID,1,99.95,3
233.6369790133217,ASK,-1,99.96,3
233.7560466165879,BID,1,99.95,3
233.7560466165879,ASK,-1,99.96,3
233.78010628358453,ASK,-1,99.97,2
236.33727608702142,BID,1,99.96,2
236.4307164675808,ASK,-1,99.97,1
236.44487587626685,BID,1,99.96,3
236.9539027989232,ASK,-1,99.96,2
236.96275868761933,ASK,-1,99.96,3
237.01008092754404,BID,1,99.95,2
237.01008092754404,ASK,-1,99.96,3
237.37483240044745,BID,1,99.96,3
237.5273494987307,BID,1,99.95,1
237.5693233452558,ASK,-1,99.96,3
237.6833648625582,BID,1,99.95,1
237.75985416260065,BID,1,99.95,1
237.95889225015938,ASK,-1,99.96,3
238.0086234158369,BID,1,99.95,3
238.0426975639933,ASK,-1,99.96,3
238.23012353909996,BID,1,99.96,3
238.67229893860414,BID,1,99.95,1
238.69375467785684,ASK,-1,99.96,3
238.72543339912758,BID,1,99.95,1
238.9233331761077,BID,1,99.95,2
238.95101327918817,ASK,-1,99.96,3
239.376951186533,BID,1,99.96,3
239.4478543617443,ASK,-1,99.97,1
239.45119478508838,BID,1,99.95,3
239.45119478508838,ASK,-1,99.96,3
239.48661546797507,ASK,-1,99.96,3
239.5015428233716,ASK,-1,99.97,1
239.575788638968,BID,1,99.96,3
239.575788638968,ASK,-1,99.96,3
239.9406699035439,BID,1,99.96,1
239.9406699035439,ASK,-1,99.98,1
239.95485598458734,BID,1,99.96,3
239.95485598458734,ASK,-1,99.98,3
239.96790320012488,BID,1,99.97,3
240.1633834116511,ASK,-1,99.97,3
240.23934991462846,ASK,-1,99.98,3
240.30491425214004,BID,1,99.98,3
240.9203398348176,BID,1,99.98,3
240.92951048898001,BID,1,99.97,3
240.92951048898001,ASK,-1,99.98,3
240.97129813803986,ASK,-1,99.98,3
241.09970797629126,BID,1,99.97,3
241.10590296475678,BID,1,99.97,3
241.10590296475678,ASK,-1,99.98,3
241.40183876292826,ASK,-1,99.99,1
241.40788111038162,ASK,-1,99.99,3
241.69936129131307,BID,1,99.99,3
241.86528499182276,BID,1,99.98,2
241.94401393245886,ASK,-1,99.99,3
242.09317354836355,BID,1,99.98,3
242.0953026835277,ASK,-1,99.99,3
242.24006455477962,BID,1,99.98,3
242.26353505486648,BID,1,99.97,3
242.2807582117737,ASK,-1,99.98,3
242.30975788228932,BID,1,99.97,3
242.36872168671212,ASK,-1,99.98,3
242.3895293199129,BID,1,99.97,3
242.3895293199129,ASK,-1,99.98,3
242.428087749348,BID,1,99.97,1
242.56074164858987,BID,1,99.97,2
242.56074164858987,ASK,-1,99.98,3
242.57767647119593,ASK,-1,99.99,2
242.70549714010735,BID,1,99.97,3
242.7525747936498,ASK,-1,99.99,1
242.7525747936498,BID,1,99.98,3
242.8055718083394,BID,1,99.97,2
242.82610112297198,ASK,-1,99.98,3
242.88784693358355,ASK,-1,99.98,3
242.93243142162436,BID,1,99.97,3
242.95373128916768,ASK,-1,99.98,2
242.96456611272623,ASK,-1,99.98,2
242.9694750240277,BID,1,99.97,2
243.2152249771989,ASK,-1,99.98,3
243.33016933264872,BID,1,99.97,3
243.33695102036248,ASK,-1,99.98,3
243.36550231197995,BID,1,99.98,3
243.56565252917306,BID,1,99.97,2
243.61217089325686,ASK,-1,99.98,3
243.61939059423605,BID,1,99.97,3
243.87902043132496,BID,1,99.96,1
243.88867936639775,ASK,-1,99.97,2
243.97738492950583,ASK,-1,99.97,3
243.97738492950583,BID,1,99.96,3
244.0149194285962,ASK,-1,99.97,3
244.03217710602203,BID,1,99.96,3
244.39317691752112,ASK,-1,99.97,3
244.44646133568384,BID,1,99.96,3
244.44646133568384,ASK,-1,99.96,3
244.55589781014947,BID,1,99.96,3
244.56709796441052,ASK,-1,99.97,3
244.59494650252586,ASK,-1,99.98,3
244.66620392865485,ASK,-1,99.99,1
244.92218174415484,BID,1,99.98,2
244.92218174415484,ASK,-1,99.99,3
244.96061855173696,BID,1,99.98,3
244.96337767349277,BID,1,99.97,2
244.96337767349277,ASK,-1,99.99,3
244.9679798153093,BID,1,99.97,3
244.9679798153093,ASK,-1,99.99,3
245.19338343892687,BID,1,99.99,1
245.2697637787406,BID,1,99.99,2
245.7909858641552,ASK,-1,100.0,3
245.8012588714242,BID,1,100.0,1
245.81676149839808,BID,1,99.99,3
245.82206887422075,BID,1,99.99,3
245.82206887422075,ASK,-1,100.0,3
245.86653366365084,BID,1,99.99,1
245.86653366365084,ASK,-1,100.0,3
245.96105014208172,BID,1,99.99,3
246.07721060438607,ASK,-1,100.0,1
246.3547363471857,BID,1,99.99,3
246.3547363471857,ASK,-1,100.0,3
246.6340574693627,ASK,-1,100.01,1
246.6644179758138,BID,1,99.99,2
246.6644179758138,ASK,-1,100.01,3
246.7097244059147,BID,1,100.0,2
246.8442425929567,BID,1,100.0,2
246.8442425929567,ASK,-1,100.01,3
247.24894079104888,BID,1,100.0,3
247.63164709852379,ASK,-1,100.0,1
247.63216650613293,ASK,-1,100.0,3
247.7305199693169,BID,1,99.99,2
247.7879656863429,ASK,-1,100.01,3
247.82494491419502,BID,1,100.01,3
247.82494491419502,ASK,-1,100.01,3
248.0123006256158,BID,1,100.0,2
248.04023529594642,ASK,-1,100.01,3
248.56110828257124,BID,1,100.01,3
249.08382121694626,BID,1,100.0,1
249.1606112961725,BID,1,100.0,3
249.27887738609388,BID,1,99.99,1
249.59341196969825,ASK,-1,100.0,2
249.59341196969825,BID,1,99.99,3
249.74804593209555,ASK,-1,100.0,3
249.74804593209555,BID,1,99.99,3
249.83975749114632,BID,1,99.98,2
250.16399383196764,ASK,-1,99.98,3
250.30486774700375,ASK,-1,99.98,3
250.43591012678004,BID,1,99.97,1
250.8852270289022,ASK,-1,99.98,3
251.09267159456957,BID,1,99.97,3
251.11020329511123,ASK,-1,99.98,1
251.2340315715757,ASK,-1,99.98,3
251.3192596318938,BID,1,99.97,3
251.60933423315058,ASK,-1,99.98,3
251.64437637282094,BID,1,99.98,3
251.78937610650638,BID,1,99.96,3
251.79972912946255,ASK,-1,99.97,3
251.79972912946255,BID,1,99.96,3
251.94026162506967,ASK,-1,99.96,2
252.18698575077096,ASK,-1,99.96,1
252.3067682899791,ASK,-1,99.96,3
252.403616038263,BID,1,99.96,3
252.45015942602362,BID,1,99.96,3
252.5477393748307,ASK,-1,99.97,3
252.61772095511088,BID,1,99.96,3
252.70548502554453,ASK,-1,99.97,3
252.91039509000373,BID,1,99.96,2
252.9506061676711,ASK,-1,99.97,2
252.9893300908917,BID,1,99.96,1
253.01579468287403,ASK,-1,99.97,3
253.03108422746254,BID,1,99.97,1
253.0604956856938,BID,1,99.96,3
253.10020440467338,BID,1,99.95,1
253.11680638010958,ASK,-1,99.96,3
253.1352203226723,ASK,-1,99.96,3
253.20595607097695,BID,1,99.96,3
253.21948264526168,BID,1,99.96,3
253.3116430436212,ASK,-1,99.97,3
253.3496919157675,BID,1,99.96,3
253.45176221133534,BID,1,99.95,1
253.46272668108,ASK,-1,99.96,3
253.64626707502194,ASK,-1,99.97,3
253.8008016334626,BID,1,99.96,2
253.83715632195654,ASK,-1,99.98,3
253.86734801205955,BID,1,99.97,2
253.86734801205955,ASK,-1,99.98,3
254.04870819680065,BID,1,99.98,1
254.3104692986182,BID,1,99.98,1
254.33849517043953,BID,1,99.97,3
254.42008172507443,BID,1,99.96,1
254.447080403102,BID,1,99.96,3
254.51053396559712,ASK,-1,99.96,3
254.52293578514633,ASK,-1,99.97,1
254.5452216596651,ASK,-1,99.97,3
255.10264924545564,BID,1,99.97,1
255.11922751944607,BID,1,99.97,3
255.2453002836536,BID,1,99.96,3
255.24704583672602,ASK,-1,99.98,3
255.24704583672602,BID,1,99.96,3
255.3452206816377,ASK,-1,99.96,1
255.3675959789757,BID,1,99.95,2
255.38905168011857,ASK,-1,99.97,3
255.5102246595583,ASK,-1,99.96,3
255.5102246595583,BID,1,99.95,3
255.56455372552782,ASK,-1,99.96,2
255.56455372552782,BID,1,99.95,3
255.61768227862598,ASK,-1,99.95,3
255.72890051214452,ASK,-1,99.96,3
255.72890051214452,BID,1,99.95,3
255.80182078339678,BID,1,99.95,3
255.81656488108652,ASK,-1,99.96,3
255.81656488108652,BID,1,99.96,1
255.96366270881578,ASK,-1,99.97,3
255.97636338201275,BID,1,99.95,3
256.03175521659944,BID,1,99.95,3
256.1205267854971,ASK,-1,99.96,1
256.1814344688509,ASK,-1,99.96,2
256.1814344688509,BID,1,99.95,3
256.1962165478724,ASK,-1,99.96,3
256.41242213991023,ASK,-1,99.96,3
256.41242213991023,BID,1,99.95,3
256.57863535874617,ASK,-1,99.96,3
256.57863535874617,BID,1,99.95,3
256.73574728508095,ASK,-1,99.96,3
256.73574728508095,BID,1,99.95,3
256.88513440591527,ASK,-1,99.96,3
256.9718906478331,BID,1,99.95,3
257.29771584787085,ASK,-1,99.96,3
257.29771584787085,BID,1,99.95,3
257.46578222303276,ASK,-1,99.96,3
257.5003587731455,BID,1,99.95,3
257.6586989925916,ASK,-1,99.96,3
257.66893241810743,BID,1,99.95,3
257.89720785155373,ASK,-1,99.96,3
257.89720785155373,BID,1,99.95,3
258.22836972444964,ASK,-1,99.96,3
258.287138156627,BID,1,99.95,2
258.323199297564,ASK,-1,99.96,2
258.39928210047526,BID,1,99.95,3
258.39928210047526,ASK,-1,99.96,3
258.42455323658083,BID,1,99.95,3
258.455397122419,ASK,-1,99.95,1
258.49086003439146,ASK,-1,99.96,3
258.9668231117092,ASK,-1,99.97,1
259.5282564621851,BID,1,99.97,3
259.9253230763052,ASK,-1,99.98,3
260.0723999824201,BID,1,99.97,3
260.1084444226959,ASK,-1,99.98,2
260.2237184061424,BID,1,99.97,2
260.3891080766674,ASK,-1,99.98,2
260.5265806230291,BID,1,99.97,3
260.6977179328321,ASK,-1,99.98,3
260.7109251894374,BID,1,99.97,2
260.84605858862403,BID,1,99.96,1
260.950856214553,ASK,-1,99.97,3
260.950856214553,BID,1,99.96,3
260.97601440724327,BID,1,99.96,3
262.86184926575356,ASK,-1,99.96,3
262.86184926575356,BID,1,99.96,3
263.3490452952702,ASK,-1,99.96,3
263.4715475012891,ASK,-1,99.96,3
263.5506547837366,BID,1,99.95,3
263.65752311439667,ASK,-1,99.96,3
263.6811936429797,BID,1,99.95,1
263.69070633677075,BID,1,99.95,3
263.88060544491304,ASK,-1,99.96,2
264.0952685555813,ASK,-1,99.96,3
264.14838065472867,BID,1,99.95,3
264.3296098108137,ASK,-1,99.96,1
264.3453640536143,BID,1,99.95,3
264.5339790453921,ASK,-1,99.96,1
264.57966941250777,ASK,-1,99.96,3
264.57966941250777,BID,1,99.95,3
264.59435050634664,BID,1,99.94,1
264.6090973415599,ASK,-1,99.96,1
264.6090973415599,BID,1,99.94,3
264.82044911677144,ASK,-1,99.95,3
264.8918769796586,ASK,-1,99.95,2
264.90707188084144,BID,1,99.94,3
264.99762081291175,ASK,-1,99.95,2
267.3686753208621,BID,1,99.93,1
267.4483809844081,ASK,-1,99.95,3
267.45020259687305,ASK,-1,99.95,1
267.45020259687305,BID,1,99.94,3
267.47251426857423,BID,1,99.93,2
267.7349567228533,BID,1,99.93,1
267.86466243629104,ASK,-1,99.94,3
267.90028835920475,BID,1,99.93,2
268.0061728674238,ASK,-1,99.94,3
268.04188218772737,BID,1,99.94,3
268.821054047949,ASK,-1,99.94,1
269.0106033904977,ASK,-1,99.94,1
269.03570805279696,BID,1,99.92,1
269.069511623297,BID,1,99.92,3
269.1560678567431,ASK,-1,99.93,1
269.28545043088815,ASK,-1,99.92,3
269.6505458507588,ASK,-1,99.94,2
269.71506897794086,BID,1,99.92,3
269.74725065196884,ASK,-1,99.94,1
269.79124783908554,BID,1,99.92,2
269.79489411015777,ASK,-1,99.94,1
269.7965537472547,ASK,-1,99.94,2
269.81548773855724,ASK,-1,99.94,3
269.9936703939186,BID,1,99.94,3
270.021953041931,BID,1,99.93,1
270.3989038448373,BID,1,99.92,2
270.3989038448373,ASK,-1,99.93,3
270.7835463594961,BID,1,99.92,1
272.56520531867636,BID,1,99.91,3
272.7056306556861,ASK,-1,99.92,3
272.7056306556861,BID,1,99.91,3
272.83552665413424,ASK,-1,99.92,1
272.83552665413424,BID,1,99.91,3
272.9721210358883,ASK,-1,99.92,3
273.3614828481855,ASK,-1,99.92,2
274.1460254028102,BID,1,99.9,3
274.2601566843191,BID,1,99.89,3
274.280751906394,ASK,-1,99.91,3
274.46852915179943,ASK,-1,99.89,1
274.80137462478757,ASK,-1,99.89,3
274.838115927216,BID,1,99.88,3
274.8772693659746,ASK,-1,99.89,3
274.8772693659746,BID,1,99.88,3
276.61821395327246,BID,1,99.86,3
276.70832932042447,ASK,-1,99.86,1
276.99946750851905,ASK,-1,99.86,1
277.83498620884933,ASK,-1,99.86,1
277.9844502076343,ASK,-1,99.86,1
278.0751289996214,ASK,-1,99.86,3
278.0751289996214,BID,1,99.85,3
278.272716360948,ASK,-1,99.86,1
278.53121324935165,ASK,-1,99.86,1
278.53121324935165,BID,1,99.85,3
279.276271598838,ASK,-1,99.85,3
279.2787925954849,BID,1,99.84,3
279.5353502401816,ASK,-1,99.84,2
279.550447800378,BID,1,99.84,3
279.7036803842723,ASK,-1,99.85,2
279.70783160025576,BID,1,99.83,1
279.70783160025576,BID,1,99.83,3
279.8222344911026,BID,1,99.82,2
279.8717650465288,ASK,-1,99.82,1
280.0399442620442,ASK,-1,99.82,3
281.27201701140444,ASK,-1,99.82,2
281.3117716764359,ASK,-1,99.83,2
281.4119261590539,BID,1,99.82,3
281.4201030635567,ASK,-1,99.83,3
281.4201030635567,BID,1,99.82,3
281.67447078748586,ASK,-1,99.83,1
282.4431339591647,ASK,-1,99.83,1
282.4598616393782,BID,1,99.82,3
282.5324928083787,ASK,-1,99.82,3
282.59626809028384,BID,1,99.82,1
283.14793012247065,ASK,-1,99.82,3
283.1920750897378,BID,1,99.81,3
283.7632990294137,BID,1,99.8,3
283.767603519456,ASK,-1,99.82,3
283.774006529534,BID,1,99.8,3
284.13886189938535,ASK,-1,99.8,3
284.2932939575445,ASK,-1,99.8,1
284.6193064842175,ASK,-1,99.8,2
284.6308900395235,BID,1,99.79,3
284.97898349549166,ASK,-1,99.8,3
284.9849437323472,BID,1,99.79,3
284.9996037802268,ASK,-1,99.8,3
285.1073038508171,BID,1,99.79,1
285.1073038508171,BID,1,99.79,3
285.36346099063974,ASK,-1,99.8,2
285.3842189277941,BID,1,99.78,1
285.6464986977542,ASK,-1,99.79,3
285.6524752860082,ASK,-1,99.8,2
285.69608938507287,BID,1,99.79,3
285.9440993698253,BID,1,99.77,3
285.96514244000036,ASK,-1,99.78,1
286.12327606685494,BID,1,99.76,3
286.36911500010694,ASK,-1,99.75,3
286.5467619910746,ASK,-1,99.75,3
286.5467619910746,BID,1,99.74,3
286.73709896685466,ASK,-1,99.75,3
286.73709896685466,BID,1,99.74,3
286.91213194177067,ASK,-1,99.75,3
286.9243500114802,BID,1,99.74,3
287.13458365350573,ASK,-1,99.75,2
287.15835183314357,BID,1,99.74,1
287.19887641472616,ASK,-1,99.76,3
287.247271190505,ASK,-1,99.77,3
287.741019740977,BID,1,99.78,3
287.8571790887791,BID,1,99.78,2
287.86620390018874,ASK,-1,99.79,1
287.9069037666137,BID,1,99.78,3
287.9683464662684,BID,1,99.77,2
288.08190462870255,ASK,-1,99.78,3
288.16858101763546,ASK,-1,99.78,1
288.3774525655498,BID,1,99.78,2
288.4491892247259,BID,1,99.77,1
288.56596728016666,ASK,-1,99.78,3
288.56596728016666,BID,1,99.78,1
288.64279564045154,BID,1,99.77,2
289.0711659645582,ASK,-1,99.78,3
289.18500336993293,ASK,-1,99.79,2
289.1934845873544,BID,1,99.77,2
289.3147020166566,BID,1,99.78,3
289.31897551917143,ASK,-1,99.79,3
289.8766105952224,BID,1,99.78,1
290.4785693963228,BID,1,99.77,3
290.55648517894895,ASK,-1,99.77,1
290.56559079244903,ASK,-1,99.77,1
290.66196164410644,BID,1,99.77,3
290.7248125135079,ASK,-1,99.78,3
290.74005659955407,BID,1,99.78,1
290.76005207219544,ASK,-1,99.79,1
290.80363715488807,BID,1,99.77,3
290.82733282953154,ASK,-1,99.78,3
290.8647919428263,BID,1,99.78,3
290.8647919428263,ASK,-1,99.78,3
290.88896798579907,ASK,-1,99.79,3
290.9115084513263,ASK,-1,99.79,3
291.02598075895696,BID,1,99.78,3
291.0560772458924,BID,1,99.77,3
291.0826077508595,BID,1,99.77,3
291.21327804283607,ASK,-1,99.78,3
291.3220993226459,ASK,-1,99.78,2
291.3345170040089,BID,1,99.77,1
291.39671135617374,ASK,-1,99.78,3
291.4799938350861,BID,1,99.79,3
291.9830814615046,ASK,-1,99.8,3
291.99371104169916,BID,1,99.79,1
292.0581614918011,BID,1,99.79,1
292.2221012485558,BID,1,99.79,3
292.2221012485558,ASK,-1,99.8,3
292.43918255099175,BID,1,99.79,3
292.46330440740496,ASK,-1,99.8,3
292.481213211443,BID,1,99.79,2
292.4876405336022,ASK,-1,99.8,3
292.50464741588826,ASK,-1,99.8,3
292.83669897357584,BID,1,99.81,2
292.84016350816404,BID,1,99.81,3
292.90471147515234,BID,1,99.8,2
293.0484928263845,BID,1,99.79,2
293.0647168693163,ASK,-1,99.8,3
293.1393084914058,BID,1,99.79,2
293.15809426239053,ASK,-1,99.8,3
293.20960717895434,ASK,-1,99.81,3
293.3126995411972,BID,1,99.8,3
293.3472176828132,BID,1,99.8,3
293.36570722485953,ASK,-1,99.8,3
293.6040122772919,BID,1,99.8,1
293.66833264063143,ASK,-1,99.81,3
293.66833264063143,BID,1,99.81,3
293.9891977732922,ASK,-1,99.8,2
294.1113358188097,BID,1,99.79,3
294.1113358188097,ASK,-1,99.8,3
294.13279274640075,ASK,-1,99.81,2
294.18572684753065,BID,1,99.8,3
294.297657531513,ASK,-1,99.8,2
294.34030080935366,BID,1,99.79,3
294.34030080935366,ASK,-1,99.79,2
294.47721975673596,BID,1,99.79,2
294.47721975673596,ASK,-1,99.8,3
294.6870742226132,ASK,-1,99.81,3
294.7455527603814,BID,1,99.8,3
294.7593124598496,BID,1,99.8,3
294.7897335528316,ASK,-1,99.81,3
294.7897335528316,BID,1,99.8,3
294.7999718890086,BID,1,99.79,2
294.9673610301413,ASK,-1,99.8,1
294.9673610301413,BID,1,99.79,3
295.06181826431225,ASK,-1,99.8,1
295.0701341887728,ASK,-1,99.8,3
295.0850174315262,BID,1,99.79,3
295.1135479239048,ASK,-1,99.8,3
295.1324744261532,BID,1,99.79,1
295.19016604991384,BID,1,99.79,1
295.24755490189574,BID,1,99.78,3
295.29392922553615,ASK,-1,99.79,1
295.29392922553615,BID,1,99.77,3
295.69063731798514,ASK,-1,99.77,3
296.00493321132103,ASK,-1,99.76,2
296.1712895911857,ASK,-1,99.76,3
296.2486624186176,ASK,-1,99.77,3
296.342920717154,BID,1,99.76,3
296.43810291060834,ASK,-1,99.76,3
296.4744602539014,BID,1,99.76,3
296.5156624025003,BID,1,99.76,3
296.59429885878234,ASK,-1,99.76,3
296.62098833729215,ASK,-1,99.77,3
296.66403216692083,ASK,-1,99.78,3
296.710185407096,BID,1,99.77,2
296.7175132101909,ASK,-1,99.79,3
296.7226033036589,BID,1,99.77,1
296.7963281146641,BID,1,99.78,3
297.22078384962106,BID,1,99.78,3
297.25299083638924,ASK,-1,99.8,3
297.26091909863914,BID,1,99.79,2
297.46580221047,BID,1,99.79,3
297.5430038511684,BID,1,99.78,1
297.55959489958644,ASK,-1,99.79,3
297.5929871534903,ASK,-1,99.8,3
297.61498833235754,ASK,-1,99.81,2
297.68352808000867,ASK,-1,99.81,1
297.8542769157526,BID,1,99.81,3
297.8564048301299,BID,1,99.81,2
298.8983967764428,BID,1,99.8,1
299.30637173399896,BID,1,99.8,2
299.30637173399896,ASK,-1,99.81,3
299.48474101509487,BID,1,99.8,1
